<?xml version='1.0'?>
<!--

  Bakalarska prace: Zvyraznovani syntaxe v XSLT
  Michal Molhanec 2005

  delphi-hl.xml - konfigurace zvyraznovace jazyka Delphi

-->
<highlighters>

<highlighter type='multiline-comment'>
  <start>{</start>
  <end>}</end>
</highlighter>

<highlighter type='multiline-comment'>
  <start>(*</start>
  <end>*)</end>
</highlighter>

<highlighter type='oneline-comment'>
  //
</highlighter>

<highlighter type='string'>
  <string>'</string>
  <doubleEscapes/>
</highlighter>

<highlighter type='keywords'>

  <!-- Reserved words -->
  <keyword>and</keyword>
  <keyword>else</keyword>
  <keyword>inherited</keyword>
  <keyword>packed</keyword>
  <keyword>then</keyword>
  <keyword>array</keyword>
  <keyword>end</keyword>
  <keyword>initialization</keyword>
  <keyword>procedure</keyword>
  <keyword>threadvar</keyword>
  <keyword>as</keyword>
  <keyword>except</keyword>
  <keyword>inline</keyword>
  <keyword>program</keyword>
  <keyword>to</keyword>
  <keyword>asm</keyword>
  <keyword>exports</keyword>
  <keyword>interface</keyword>
  <keyword>property</keyword>
  <keyword>try</keyword>
  <keyword>begin</keyword>
  <keyword>file</keyword>
  <keyword>is</keyword>
  <keyword>raise</keyword>
  <keyword>type</keyword>
  <keyword>case</keyword>
  <keyword>final</keyword>
  <keyword>label</keyword>
  <keyword>record</keyword>
  <keyword>unit</keyword>
  <keyword>class</keyword>
  <keyword>finalization</keyword>
  <keyword>library</keyword>
  <keyword>repeat</keyword>
  <keyword>unsafe</keyword>
  <keyword>const</keyword>
  <keyword>finally</keyword>
  <keyword>mod</keyword>
  <keyword>resourcestring</keyword>
  <keyword>until</keyword>
  <keyword>constructor</keyword>
  <keyword>for</keyword>
  <keyword>nil</keyword>
  <keyword>sealed</keyword>
  <keyword>uses</keyword>
  <keyword>destructor</keyword>
  <keyword>function</keyword>
  <keyword>not</keyword>
  <keyword>set</keyword>
  <keyword>var</keyword>
  <keyword>dispinterface</keyword>
  <keyword>goto</keyword>
  <keyword>object</keyword>
  <keyword>shl</keyword>
  <keyword>while</keyword>
  <keyword>div</keyword>
  <keyword>if</keyword>
  <keyword>of</keyword>
  <keyword>shr</keyword>
  <keyword>with</keyword>
  <keyword>do</keyword>
  <keyword>implementation</keyword>
  <keyword>or</keyword>
  <keyword>static</keyword>
  <keyword>xor</keyword>
  <keyword>downto</keyword>
  <keyword>in</keyword>
  <keyword>out</keyword>
  <keyword>string</keyword>

  <!-- Special meaning -->
  <keyword>at</keyword>
  <keyword>on</keyword>
  
  <!-- Directives -->
  <keyword>absolute</keyword>
  <keyword>dynamic</keyword>
  <keyword>local</keyword>
  <keyword>platform</keyword>
  <keyword>requires</keyword>
  <keyword>abstract</keyword>
  <keyword>export</keyword>
  <keyword>message</keyword>
  <keyword>private</keyword>
  <keyword>resident</keyword>
  <keyword>assembler</keyword>
  <keyword>external</keyword>
  <keyword>name</keyword>
  <keyword>protected</keyword>
  <keyword>safecall</keyword>
  <keyword>automated</keyword>
  <keyword>far</keyword>
  <keyword>near</keyword>
  <keyword>public</keyword>
  <keyword>stdcall</keyword>
  <keyword>cdecl</keyword>
  <keyword>forward</keyword>
  <keyword>nodefault</keyword>
  <keyword>published</keyword>
  <keyword>stored</keyword>
  <keyword>contains</keyword>
  <keyword>implements</keyword>
  <keyword>overload</keyword>
  <keyword>read</keyword>
  <keyword>varargs</keyword>
  <keyword>default</keyword>
  <keyword>index</keyword>
  <keyword>override</keyword>
  <keyword>readonly</keyword>
  <keyword>virtual</keyword>
  <keyword>deprecated</keyword>
  <keyword>inline</keyword>
  <keyword>package</keyword>
  <keyword>register</keyword>
  <keyword>write</keyword>
  <keyword>dispid</keyword>
  <keyword>library</keyword>
  <keyword>pascal</keyword>
  <keyword>reintroduce</keyword>
  <keyword>writeonly</keyword>

  <ignoreCase/>
</highlighter>

</highlighters>
