<?xml version='1.0'?>
<!--

  Bakalarska prace: Zvyraznovani syntaxe v XSLT
  Michal Molhanec 2005

  java-hl.xml - konfigurace zvyraznovace jazyka Modula-2

-->
<highlighters>

<highlighter type='nested-multiline-comment'>
  <start>(*</start>
  <end>*)</end>
</highlighter>

<highlighter type='string'>
  <string>"</string>
</highlighter>

<highlighter type='string'>
  <string>'</string>
</highlighter>

<highlighter type='keywords'>
  <keyword>and</keyword>
  <keyword>array</keyword>
  <keyword>begin</keyword>
  <keyword>by</keyword>
  <keyword>case</keyword>
  <keyword>const</keyword>
  <keyword>definition</keyword>
  <keyword>div</keyword>
  <keyword>do</keyword>
  <keyword>else</keyword>
  <keyword>elsif</keyword>
  <keyword>end</keyword>
  <keyword>exit</keyword>
  <keyword>export</keyword>
  <keyword>for</keyword>
  <keyword>from</keyword>
  <keyword>if</keyword>
  <keyword>implementation</keyword>
  <keyword>import</keyword>
  <keyword>in</keyword>
  <keyword>loop</keyword>
  <keyword>mod</keyword>
  <keyword>module</keyword>
  <keyword>not</keyword>
  <keyword>of</keyword>
  <keyword>or</keyword>
  <keyword>pointer</keyword>
  <keyword>procedure</keyword>
  <keyword>qualified</keyword>
  <keyword>record</keyword>
  <keyword>repeat</keyword>
  <keyword>return</keyword>
  <keyword>set</keyword>
  <keyword>then</keyword>
  <keyword>to</keyword>
  <keyword>type</keyword>
  <keyword>until</keyword>
  <keyword>var</keyword>
  <keyword>while</keyword>
  <keyword>with</keyword>
  
  <ignoreCase/>
</highlighter>

</highlighters>
