<?xml version="1.0" encoding="US-ASCII"?>
<l:l10n xmlns:l="http://docbook.sourceforge.net/xmlns/l10n/1.0" language="az" english-language-name="Azerbaijani">

<!-- * This file is generated automatically. -->
<!-- * To submit changes to this file upstream (to the DocBook Project) -->
<!-- * do not submit an edited version of this file. Instead, submit an -->
<!-- * edited version of the source file at the following location: -->
<!-- * -->
<!-- *  https://svn.sourceforge.net/svnroot/docbook/trunk/gentext/locale/az.xml -->
<!-- * -->
<!-- * E-mail the edited az.xml source file to: -->
<!-- * -->
<!-- *  docbook-developers@lists.sourceforge.net -->

<!-- ******************************************************************** -->

<!-- This file is part of the XSL DocBook Stylesheet distribution. -->
<!-- See ../README or http://docbook.sf.net/release/xsl/current/ for -->
<!-- copyright and other information. -->

<!-- ******************************************************************** -->

   <l:gentext key="Abstract" text="&#304;cmal"/>
   <l:gentext key="abstract" text="&#304;cmal"/>
   <l:gentext key="Answer" text="Cavab:"/>
   <l:gentext key="answer" text="Cavab:"/>
   <l:gentext key="Appendix" text="&#399;lav&#601;"/>
   <l:gentext key="appendix" text="&#399;lav&#601;"/>
   <l:gentext key="Article" text="M&#601;qal&#601;"/>
   <l:gentext key="article" text="M&#601;qal&#601;"/>
   <l:gentext key="Author" text="M&#252;&#601;llif"/>
   <l:gentext key="Bibliography" text="Qaynaq&#231;a"/>
   <l:gentext key="bibliography" text="Qaynaq&#231;a"/>
   <l:gentext key="Book" text="Kitab"/>
   <l:gentext key="book" text="Kitab"/>
   <l:gentext key="CAUTION" text="D&#304;QQ&#399;T"/>
   <l:gentext key="Caution" text="Diqq&#601;t"/>
   <l:gentext key="caution" text="Diqq&#601;t"/>
   <l:gentext key="Chapter" text="B&#246;l&#252;m"/>
   <l:gentext key="chapter" text="B&#246;l&#252;m"/>
   <l:gentext key="Colophon" text="Kitab Haqq&#305;nda"/>
   <l:gentext key="colophon" text="Kitab Haqq&#305;nda"/>
   <l:gentext key="Copyright" text="M&#252;&#601;llif H&#252;ququ"/>
   <l:gentext key="copyright" text="M&#252;&#601;llif H&#252;ququ"/>
   <l:gentext key="Dedication" text="H&#601;sr"/>
   <l:gentext key="dedication" text="H&#601;sr"/>
   <l:gentext key="Edition" text="Burax&#305;l&#305;&#351;"/>
   <l:gentext key="edition" text="Burax&#305;l&#305;&#351;"/>
   <l:gentext key="Editor" text="Editor" lang="en"/>
   <l:gentext key="Equation" text="T&#601;nlik"/>
   <l:gentext key="equation" text="T&#601;nlik"/>
   <l:gentext key="Example" text="N&#252;mun&#601;"/>
   <l:gentext key="example" text="N&#252;mun&#601;"/>
   <l:gentext key="Figure" text="Fiqur"/>
   <l:gentext key="figure" text="Fiqur"/>
   <l:gentext key="Glossary" text="L&#252;&#287;&#601;t"/>
   <l:gentext key="glossary" text="L&#252;&#287;&#601;t"/>
   <l:gentext key="GlossSee" text="Bax"/>
   <l:gentext key="glosssee" text="Bax"/>
   <l:gentext key="GlossSeeAlso" text="El&#601;c&#601; D&#601; Bax"/>
   <l:gentext key="glossseealso" text="El&#601;c&#601; D&#601; Bax"/>
   <l:gentext key="IMPORTANT" text="VAC&#304;B"/>
   <l:gentext key="important" text="Vacib"/>
   <l:gentext key="Important" text="Vacib"/>
   <l:gentext key="Index" text="&#304;ndeks"/>
   <l:gentext key="index" text="&#304;ndeks"/>
   <l:gentext key="ISBN" text="ISBN"/>
   <l:gentext key="isbn" text="ISBN"/>
   <l:gentext key="LegalNotice" text="Qanuni Qeyd"/>
   <l:gentext key="legalnotice" text="Qanuni Qeyd"/>
   <l:gentext key="MsgAud" text="H&#601;d&#601;f Oxuyucu"/>
   <l:gentext key="msgaud" text="H&#601;d&#601;f Oxuyucu"/>
   <l:gentext key="MsgLevel" text="S&#601;viyy&#601;"/>
   <l:gentext key="msglevel" text="S&#601;viyy&#601;"/>
   <l:gentext key="MsgOrig" text="M&#601;nb&#601;"/>
   <l:gentext key="msgorig" text="M&#601;nb&#601;"/>
   <l:gentext key="NOTE" text="QEYD"/>
   <l:gentext key="Note" text="Qeyd"/>
   <l:gentext key="note" text="Qeyd"/>
   <l:gentext key="Part" text="Hiss&#601;"/>
   <l:gentext key="part" text="Hiss&#601;"/>
   <l:gentext key="Preface" text="&#214;ns&#246;z"/>
   <l:gentext key="preface" text="&#214;ns&#246;z"/>
   <l:gentext key="Procedure" text="&#220;sul"/>
   <l:gentext key="procedure" text="&#220;sul"/>
   <l:gentext key="ProductionSet" text="Produksiya"/>
   <l:gentext key="PubDate" text="Yayimlama Tarixi"/>
   <l:gentext key="pubdate" text="Yayimlama Tarixi"/>
   <l:gentext key="Published" text="Yayimlama"/>
   <l:gentext key="published" text="Yayimlama"/>
   <l:gentext key="Publisher" text="Publisher" lang="en"/>
   <l:gentext key="Qandadiv" text="S v&#601; C"/>
   <l:gentext key="qandadiv" text="S v&#601; C"/>
   <l:gentext key="QandASet" text="Frequently Asked Questions" lang="en"/>
   <l:gentext key="Question" text="Sual:"/>
   <l:gentext key="question" text="Sual:"/>
   <l:gentext key="RefEntry" text=""/>
   <l:gentext key="refentry" text=""/>
   <l:gentext key="Reference" text="Xat&#305;rlatma"/>
   <l:gentext key="reference" text="Xat&#305;rlatma"/>
   <l:gentext key="References" text="References" lang="en"/>
   <l:gentext key="RefName" text="Ad"/>
   <l:gentext key="refname" text="Ad"/>
   <l:gentext key="RefSection" text=""/>
   <l:gentext key="refsection" text=""/>
   <l:gentext key="RefSynopsisDiv" text="&#304;cmal"/>
   <l:gentext key="refsynopsisdiv" text="&#304;cmal"/>
   <l:gentext key="RevHistory" text="N&#601;z&#601;rd&#601;n Ke&#231;irm&#601; Tarix&#231;&#601;si"/>
   <l:gentext key="revhistory" text="N&#601;z&#601;rd&#601;n Ke&#231;irm&#601; Tarix&#231;&#601;si"/>
   <l:gentext key="revision" text="N&#601;z&#601;rd&#601;n Ke&#231;irm&#601;"/>
   <l:gentext key="Revision" text="N&#601;z&#601;rd&#601;n Ke&#231;irm&#601;"/>
   <l:gentext key="sect1" text="Qisim"/>
   <l:gentext key="sect2" text="Qisim"/>
   <l:gentext key="sect3" text="Qisim"/>
   <l:gentext key="sect4" text="Qisim"/>
   <l:gentext key="sect5" text="Qisim"/>
   <l:gentext key="section" text="Qisim"/>
   <l:gentext key="Section" text="Qisim"/>
   <l:gentext key="see" text="bax"/>
   <l:gentext key="See" text="Bax"/>
   <l:gentext key="seealso" text="el&#601;c&#601; d&#601; bax"/>
   <l:gentext key="Seealso" text="El&#601;c&#601; D&#601; Bax"/>
   <l:gentext key="SeeAlso" text="El&#601;c&#601; D&#601; Bax"/>
   <l:gentext key="set" text="D&#601;st&#601;"/>
   <l:gentext key="Set" text="D&#601;st&#601;"/>
   <l:gentext key="setindex" text="&#304;ndeksi Se&#231;"/>
   <l:gentext key="SetIndex" text="&#304;ndeksi Se&#231;"/>
   <l:gentext key="Sidebar" text=""/>
   <l:gentext key="sidebar" text="K&#601;nar &#199;ubu&#287;u"/>
   <l:gentext key="step" text="add&#305;m"/>
   <l:gentext key="Step" text="Add&#305;m"/>
   <l:gentext key="table" text="c&#601;dv&#601;l"/>
   <l:gentext key="Table" text="C&#601;dv&#601;l"/>
   <l:gentext key="task" text="Task" lang="en"/>
   <l:gentext key="Task" text="Task" lang="en"/>
   <l:gentext key="tip" text="m&#601;sl&#601;h&#601;t"/>
   <l:gentext key="TIP" text="M&#399;SL&#399;H&#399;T"/>
   <l:gentext key="Tip" text="M&#601;sl&#601;h&#601;t"/>
   <l:gentext key="Warning" text="X&#601;b&#601;rdarl&#305;q"/>
   <l:gentext key="warning" text="X&#601;b&#601;rdarl&#305;q"/>
   <l:gentext key="WARNING" text="X&#399;B&#399;RDARLIQ"/>
   <l:gentext key="and" text="v&#601;"/>
   <l:gentext key="by" text="by"/>
   <l:gentext key="Edited" text="D&#252;z&#601;ldildi"/>
   <l:gentext key="edited" text="D&#252;z&#601;ldildi"/>
   <l:gentext key="Editedby" text="D&#252;z&#601;li&#351; ed&#601;n"/>
   <l:gentext key="editedby" text="D&#252;z&#601;li&#351; ed&#601;n"/>
   <l:gentext key="in" text="in"/>
   <l:gentext key="lastlistcomma" text=","/>
   <l:gentext key="listcomma" text=","/>
   <l:gentext key="nonexistantelement" text="m&#246;vcud olmayan element"/>
   <l:gentext key="notes" text="Qeydl&#601;r"/>
   <l:gentext key="Notes" text="Qeydl&#601;r"/>
   <l:gentext key="Pgs" text="Shflr."/>
   <l:gentext key="pgs" text="Shflr."/>
   <l:gentext key="Revisedby" text="G&#246;zd&#601;n ke&#231;ir&#601;n: "/>
   <l:gentext key="revisedby" text="G&#246;zd&#601;n ke&#231;ir&#601;n: "/>
   <l:gentext key="TableNotes" text="Qeydl&#601;r"/>
   <l:gentext key="tablenotes" text="Qeydl&#601;r"/>
   <l:gentext key="TableofContents" text="M&#601;zmun"/>
   <l:gentext key="tableofcontents" text="M&#601;zmun"/>
   <l:gentext key="unexpectedelementname" text="G&#246;zl&#601;nm&#601;y&#601;n element ad&#305;"/>
   <l:gentext key="unsupported" text="d&#601;st&#601;kl&#601;nmir"/>
   <l:gentext key="xrefto" text="xref to"/>
   <l:gentext key="Authors" text="Authors" lang="en"/>
   <l:gentext key="copyeditor" text="Copy Editor" lang="en"/>
   <l:gentext key="graphicdesigner" text="Graphic Designer" lang="en"/>
   <l:gentext key="productioneditor" text="Production Editor" lang="en"/>
   <l:gentext key="technicaleditor" text="Technical Editor" lang="en"/>
   <l:gentext key="translator" text="Translator" lang="en"/>
   <l:gentext key="listofequations" text="T&#601;nlikl&#601;r"/>
   <l:gentext key="ListofEquations" text="T&#601;nlikl&#601;r"/>
   <l:gentext key="ListofExamples" text="N&#252;mun&#601;l&#601;r"/>
   <l:gentext key="listofexamples" text="N&#252;mun&#601;l&#601;r"/>
   <l:gentext key="ListofFigures" text="Fiqurlar"/>
   <l:gentext key="listoffigures" text="Fiqurlar"/>
   <l:gentext key="ListofProcedures" text="&#220;sullar"/>
   <l:gentext key="listofprocedures" text="&#220;sullar"/>
   <l:gentext key="listoftables" text="C&#601;dv&#601;ll&#601;r"/>
   <l:gentext key="ListofTables" text="C&#601;dv&#601;ll&#601;r"/>
   <l:gentext key="ListofUnknown" text="Nam&#601;lumlar"/>
   <l:gentext key="listofunknown" text="List of Unknown" lang="en"/>
   <l:gentext key="nav-home" text="Ev"/>
   <l:gentext key="nav-next" text="Sonrak&#305;"/>
   <l:gentext key="nav-next-sibling" text="&#304;r&#601;li"/>
   <l:gentext key="nav-prev" text="&#399;vv&#601;lki"/>
   <l:gentext key="nav-prev-sibling" text="Geri"/>
   <l:gentext key="nav-up" text="Yuxar&#305;"/>
   <l:gentext key="nav-toc" text="M&#601;zmun"/>
   <l:gentext key="Draft" text="&#350;ablon"/>
   <l:gentext key="above" text="&#220;st&#252;nd&#601;"/>
   <l:gentext key="below" text="Alt&#305;nda"/>
   <l:gentext key="sectioncalled" text="the section called"/>
   <l:gentext key="index symbols" text="Simvollar"/>
   <l:gentext key="lowercase.alpha" text="abc&#231;de&#601;fg&#287;hx&#305;ijkqlmno&#246;prs&#351;tu&#252;vyz"/>
   <l:gentext key="uppercase.alpha" text="ABC&#199;DE&#399;FG&#286;HXI&#304;JKQLMNO&#214;PRS&#350;TU&#220;VYZ"/>
   <l:dingbat key="startquote" text="&#8220;"/>
   <l:dingbat key="endquote" text="&#8221;"/>
   <l:dingbat key="nestedstartquote" text="&#8216;"/>
   <l:dingbat key="nestedendquote" text="&#8217;"/>
   <l:dingbat key="singlestartquote" text="&#8216;"/>
   <l:dingbat key="singleendquote" text="&#8217;"/>
   <l:dingbat key="bullet" text="&#8226;"/>
   <l:gentext key="hyphenation-character" text="-"/>
   <l:gentext key="hyphenation-push-character-count" text="2"/>
   <l:gentext key="hyphenation-remain-character-count" text="2"/>

   <l:context name="styles">
      <l:template name="person-name" text="first-last"/>
   </l:context>

   <l:context name="title">
      <l:template name="abstract" text="%t"/>
      <l:template name="answer" text="%t"/>
      <l:template name="appendix" text="&#399;lav&#601;&#160;%n.&#160;%t"/>
      <l:template name="article" text="%t"/>
      <l:template name="authorblurb" text="%t"/>
      <l:template name="bibliodiv" text="%t"/>
      <l:template name="biblioentry" text="%t"/>
      <l:template name="bibliography" text="%t"/>
      <l:template name="bibliolist" text="%t"/>
      <l:template name="bibliomixed" text="%t"/>
      <l:template name="bibliomset" text="%t"/>
      <l:template name="biblioset" text="%t"/>
      <l:template name="blockquote" text="%t"/>
      <l:template name="book" text="%t"/>
      <l:template name="calloutlist" text="%t"/>
      <l:template name="caution" text="%t"/>
      <l:template name="chapter" text="B&#246;l&#252;m&#160;%n.&#160;%t"/>
      <l:template name="colophon" text="%t"/>
      <l:template name="dedication" text="%t"/>
      <l:template name="equation" text="T&#601;nlik&#160;%n.&#160;%t"/>
      <l:template name="example" text="N&#252;mun&#601;&#160;%n.&#160;%t"/>
      <l:template name="figure" text="Fiqur&#160;%n.&#160;%t"/>
      <l:template name="foil" text="%t"/>
      <l:template name="foilgroup" text="%t"/>
      <l:template name="formalpara" text="%t"/>
      <l:template name="glossary" text="%t"/>
      <l:template name="glossdiv" text="%t"/>
      <l:template name="glosslist" text="%t"/>
      <l:template name="glossentry" text="%t"/>
      <l:template name="important" text="%t"/>
      <l:template name="index" text="%t"/>
      <l:template name="indexdiv" text="%t"/>
      <l:template name="itemizedlist" text="%t"/>
      <l:template name="legalnotice" text="%t"/>
      <l:template name="listitem" text=""/>
      <l:template name="lot" text="%t"/>
      <l:template name="msg" text="%t"/>
      <l:template name="msgexplan" text="%t"/>
      <l:template name="msgmain" text="%t"/>
      <l:template name="msgrel" text="%t"/>
      <l:template name="msgset" text="%t"/>
      <l:template name="msgsub" text="%t"/>
      <l:template name="note" text="%t"/>
      <l:template name="orderedlist" text="%t"/>
      <l:template name="part" text="Hiss&#601;&#160;%n.&#160;%t"/>
      <l:template name="partintro" text="%t"/>
      <l:template name="preface" text="%t"/>
      <l:template name="procedure" text="%t"/>
      <l:template name="procedure.formal" text="&#220;sul&#160;%n.&#160;%t"/>
      <l:template name="productionset" text="%t"/>
      <l:template name="productionset.formal" text="Produksiya&#160;%n"/>
      <l:template name="qandadiv" text="%t"/>
      <l:template name="qandaentry" text="%t"/>
      <l:template name="qandaset" text="%t"/>
      <l:template name="question" text="%t"/>
      <l:template name="refentry" text="%t"/>
      <l:template name="reference" text="%t"/>
      <l:template name="refsection" text="%t"/>
      <l:template name="refsect1" text="%t"/>
      <l:template name="refsect2" text="%t"/>
      <l:template name="refsect3" text="%t"/>
      <l:template name="refsynopsisdiv" text="%t"/>
      <l:template name="refsynopsisdivinfo" text="%t"/>
      <l:template name="segmentedlist" text="%t"/>
      <l:template name="set" text="%t"/>
      <l:template name="setindex" text="%t"/>
      <l:template name="sidebar" text="%t"/>
      <l:template name="step" text="%t"/>
      <l:template name="table" text="C&#601;dv&#601;l&#160;%n.&#160;%t"/>
      <l:template name="task" text="%t"/>
      <l:template name="tasksummary" text="%t" lang="en"/>
      <l:template name="taskprerequisites" text="%t" lang="en"/>
      <l:template name="taskrelated" text="%t" lang="en"/>
      <l:template name="tip" text="%t"/>
      <l:template name="toc" text="%t"/>
      <l:template name="variablelist" text="%t"/>
      <l:template name="varlistentry" text=""/>
      <l:template name="warning" text="%t"/>
   </l:context>

   <l:context name="title-unnumbered">
      <l:template name="appendix" text="%t"/>
      <l:template name="article/appendix" text="%t"/>
      <l:template name="bridgehead" text="%t"/>
      <l:template name="chapter" text="%t"/>
      <l:template name="sect1" text="%t"/>
      <l:template name="sect2" text="%t"/>
      <l:template name="sect3" text="%t"/>
      <l:template name="sect4" text="%t"/>
      <l:template name="sect5" text="%t"/>
      <l:template name="section" text="%t"/>
      <l:template name="simplesect" text="%t"/>
      <l:template name="part" text="%t" lang="en"/>
   </l:context>

   <l:context name="title-numbered">
      <l:template name="appendix" text="&#399;lav&#601;&#160;%n.&#160;%t"/>
      <l:template name="article/appendix" text="%n.&#160;%t"/>
      <l:template name="bridgehead" text="%n.&#160;%t"/>
      <l:template name="chapter" text="B&#246;l&#252;m&#160;%n.&#160;%t"/>
      <l:template name="sect1" text="%n.&#160;%t"/>
      <l:template name="sect2" text="%n.&#160;%t"/>
      <l:template name="sect3" text="%n.&#160;%t"/>
      <l:template name="sect4" text="%n.&#160;%t"/>
      <l:template name="sect5" text="%n.&#160;%t"/>
      <l:template name="section" text="%n.&#160;%t"/>
      <l:template name="simplesect" text="%t"/>
      <l:template name="part" text="Hiss&#601;&#160;%n.&#160;%t" lang="en"/>
   </l:context>

   <l:context name="subtitle">
      <l:template name="appendix" text="%s"/>
      <l:template name="article" text="%s"/>
      <l:template name="bibliodiv" text="%s"/>
      <l:template name="biblioentry" text="%s"/>
      <l:template name="bibliography" text="%s"/>
      <l:template name="bibliomixed" text="%s"/>
      <l:template name="bibliomset" text="%s"/>
      <l:template name="biblioset" text="%s"/>
      <l:template name="book" text="%s"/>
      <l:template name="chapter" text="%s"/>
      <l:template name="colophon" text="%s"/>
      <l:template name="dedication" text="%s"/>
      <l:template name="glossary" text="%s"/>
      <l:template name="glossdiv" text="%s"/>
      <l:template name="index" text="%s"/>
      <l:template name="indexdiv" text="%s"/>
      <l:template name="lot" text="%s"/>
      <l:template name="part" text="%s"/>
      <l:template name="partintro" text="%s"/>
      <l:template name="preface" text="%s"/>
      <l:template name="refentry" text="%s"/>
      <l:template name="reference" text="%s"/>
      <l:template name="refsection" text="%s"/>
      <l:template name="refsect1" text="%s"/>
      <l:template name="refsect2" text="%s"/>
      <l:template name="refsect3" text="%s"/>
      <l:template name="refsynopsisdiv" text="%s"/>
      <l:template name="sect1" text="%s"/>
      <l:template name="sect2" text="%s"/>
      <l:template name="sect3" text="%s"/>
      <l:template name="sect4" text="%s"/>
      <l:template name="sect5" text="%s"/>
      <l:template name="section" text="%s"/>
      <l:template name="set" text="%s"/>
      <l:template name="setindex" text="%s"/>
      <l:template name="sidebar" text="%s"/>
      <l:template name="simplesect" text="%s"/>
      <l:template name="toc" text="%s"/>
   </l:context>

   <l:context name="xref">
      <l:template name="abstract" text="%t"/>
      <l:template name="answer" text="Cavab:&#160;%n"/>
      <l:template name="appendix" text="%t"/>
      <l:template name="article" text="%t"/>
      <l:template name="authorblurb" text="%t"/>
      <l:template name="bibliodiv" text="%t"/>
      <l:template name="bibliography" text="%t"/>
      <l:template name="bibliomset" text="%t"/>
      <l:template name="biblioset" text="%t"/>
      <l:template name="blockquote" text="%t"/>
      <l:template name="book" text="%t"/>
      <l:template name="calloutlist" text="%t"/>
      <l:template name="caution" text="%t"/>
      <l:template name="chapter" text="%t"/>
      <l:template name="colophon" text="%t"/>
      <l:template name="constraintdef" text="%t"/>
      <l:template name="dedication" text="%t"/>
      <l:template name="equation" text="%t"/>
      <l:template name="example" text="%t"/>
      <l:template name="figure" text="%t"/>
      <l:template name="foil" text="%t"/>
      <l:template name="foilgroup" text="%t"/>
      <l:template name="formalpara" text="%t"/>
      <l:template name="glossary" text="%t"/>
      <l:template name="glossdiv" text="%t"/>
      <l:template name="important" text="%t"/>
      <l:template name="index" text="%t"/>
      <l:template name="indexdiv" text="%t"/>
      <l:template name="itemizedlist" text="%t"/>
      <l:template name="legalnotice" text="%t"/>
      <l:template name="listitem" text="%n"/>
      <l:template name="lot" text="%t"/>
      <l:template name="msg" text="%t"/>
      <l:template name="msgexplan" text="%t"/>
      <l:template name="msgmain" text="%t"/>
      <l:template name="msgrel" text="%t"/>
      <l:template name="msgset" text="%t"/>
      <l:template name="msgsub" text="%t"/>
      <l:template name="note" text="%t"/>
      <l:template name="orderedlist" text="%t"/>
      <l:template name="part" text="%t"/>
      <l:template name="partintro" text="%t"/>
      <l:template name="preface" text="%t"/>
      <l:template name="procedure" text="%t"/>
      <l:template name="productionset" text="%t"/>
      <l:template name="qandadiv" text="%t"/>
      <l:template name="qandaentry" text="Sual:&#160;%n"/>
      <l:template name="qandaset" text="%t"/>
      <l:template name="question" text="Sual:&#160;%n"/>
      <l:template name="reference" text="%t"/>
      <l:template name="refsynopsisdiv" text="%t"/>
      <l:template name="segmentedlist" text="%t"/>
      <l:template name="set" text="%t"/>
      <l:template name="setindex" text="%t"/>
      <l:template name="sidebar" text="%t"/>
      <l:template name="table" text="%t"/>
      <l:template name="task" text="%t" lang="en"/>
      <l:template name="tip" text="%t"/>
      <l:template name="toc" text="%t"/>
      <l:template name="variablelist" text="%t"/>
      <l:template name="varlistentry" text="%n"/>
      <l:template name="warning" text="%t"/>
      <l:template name="olink.document.citation" text=" in %o"/>
      <l:template name="olink.page.citation" text=" (page %p)"/>
      <l:template name="page.citation" text=" [%p]"/>
      <l:template name="page" text="(page %p)"/>
      <l:template name="docname" text=" in %o"/>
      <l:template name="docnamelong" text=" in the document titled %o"/>
      <l:template name="pageabbrev" text="(p. %p)"/>
      <l:template name="Page" text="Page %p"/>
      <l:template name="bridgehead" text=" &#8220;%t&#8221;"/>
      <l:template name="refsection" text=" &#8220;%t&#8221;"/>
      <l:template name="refsect1" text=" &#8220;%t&#8221;"/>
      <l:template name="refsect2" text=" &#8220;%t&#8221;"/>
      <l:template name="refsect3" text=" &#8220;%t&#8221;"/>
      <l:template name="sect1" text=" &#8220;%t&#8221;"/>
      <l:template name="sect2" text=" &#8220;%t&#8221;"/>
      <l:template name="sect3" text=" &#8220;%t&#8221;"/>
      <l:template name="sect4" text=" &#8220;%t&#8221;"/>
      <l:template name="sect5" text=" &#8220;%t&#8221;"/>
      <l:template name="section" text=" &#8220;%t&#8221;"/>
      <l:template name="simplesect" text=" &#8220;%t&#8221;"/>
   </l:context>

   <l:context name="xref-number">
      <l:template name="answer" text="Cavab:&#160;%n"/>
      <l:template name="appendix" text="&#399;lav&#601;&#160;%n"/>
      <l:template name="bridgehead" text="Qisim&#160;%n"/>
      <l:template name="chapter" text="B&#246;l&#252;m&#160;%n"/>
      <l:template name="equation" text="T&#601;nlik&#160;%n"/>
      <l:template name="example" text="N&#252;mun&#601;&#160;%n"/>
      <l:template name="figure" text="Fiqur&#160;%n"/>
      <l:template name="part" text="Hiss&#601;&#160;%n"/>
      <l:template name="procedure" text="&#220;sul&#160;%n"/>
      <l:template name="productionset" text="Produksiya&#160;%n"/>
      <l:template name="qandadiv" text="S v&#601; C&#160;%n"/>
      <l:template name="qandaentry" text="Sual:&#160;%n"/>
      <l:template name="question" text="Sual:&#160;%n"/>
      <l:template name="sect1" text="Qisim&#160;%n"/>
      <l:template name="sect2" text="Qisim&#160;%n"/>
      <l:template name="sect3" text="Qisim&#160;%n"/>
      <l:template name="sect4" text="Qisim&#160;%n"/>
      <l:template name="sect5" text="Qisim&#160;%n"/>
      <l:template name="section" text="Qisim&#160;%n"/>
      <l:template name="table" text="C&#601;dv&#601;l&#160;%n"/>
   </l:context>

   <l:context name="xref-number-and-title">
      <l:template name="appendix" text="&#399;lav&#601;&#160;%n, %t"/>
      <l:template name="bridgehead" text="Qisim&#160;%n, &#8220;%t&#8221;"/>
      <l:template name="chapter" text="B&#246;l&#252;m&#160;%n, %t"/>
      <l:template name="equation" text="T&#601;nlik&#160;%n, &#8220;%t&#8221;"/>
      <l:template name="example" text="N&#252;mun&#601;&#160;%n, &#8220;%t&#8221;"/>
      <l:template name="figure" text="Fiqur&#160;%n, &#8220;%t&#8221;"/>
      <l:template name="part" text="Hiss&#601;&#160;%n, &#8220;%t&#8221;"/>
      <l:template name="procedure" text="&#220;sul&#160;%n, &#8220;%t&#8221;"/>
      <l:template name="productionset" text="Produksiya&#160;%n, &#8220;%t&#8221;"/>
      <l:template name="qandadiv" text="S v&#601; C&#160;%n, &#8220;%t&#8221;"/>
      <l:template name="refsect1" text=" &#8220;%t&#8221;"/>
      <l:template name="refsect2" text=" &#8220;%t&#8221;"/>
      <l:template name="refsect3" text=" &#8220;%t&#8221;"/>
      <l:template name="refsection" text=" &#8220;%t&#8221;"/>
      <l:template name="sect1" text="Qisim&#160;%n, &#8220;%t&#8221;"/>
      <l:template name="sect2" text="Qisim&#160;%n, &#8220;%t&#8221;"/>
      <l:template name="sect3" text="Qisim&#160;%n, &#8220;%t&#8221;"/>
      <l:template name="sect4" text="Qisim&#160;%n, &#8220;%t&#8221;"/>
      <l:template name="sect5" text="Qisim&#160;%n, &#8220;%t&#8221;"/>
      <l:template name="section" text="Qisim&#160;%n, &#8220;%t&#8221;"/>
      <l:template name="simplesect" text=" &#8220;%t&#8221;"/>
      <l:template name="table" text="C&#601;dv&#601;l&#160;%n, &#8220;%t&#8221;"/>
   </l:context>

   <l:context name="authorgroup">
      <l:template name="sep" text=", "/>
      <l:template name="sep2" text=" v&#601; "/>
      <l:template name="seplast" text=", v&#601; "/>
   </l:context>

   <l:context name="glossary">
      <l:template name="see" text="Bax %t"/>
      <l:template name="seealso" text="El&#601;c&#601; D&#601; Bax %t"/>
   </l:context>

   <l:context name="msgset">
      <l:template name="MsgAud" text="H&#601;d&#601;f Oxuyucu: "/>
      <l:template name="MsgLevel" text="S&#601;viyy&#601;: "/>
      <l:template name="MsgOrig" text="M&#601;nb&#601;: "/>
   </l:context>

   <l:context name="datetime">
      <l:template name="format" text="m/d/Y"/>
   </l:context>

   <l:context name="termdef">
      <l:template name="prefix" text="[Definition: "/>
      <l:template name="suffix" text="]"/>
   </l:context>

   <l:context name="datetime-full">
      <l:template name="January" text="Janvar"/>
      <l:template name="February" text="Fevral"/>
      <l:template name="March" text="Mart"/>
      <l:template name="April" text="Aprel"/>
      <l:template name="May" text="May"/>
      <l:template name="June" text="&#304;yun"/>
      <l:template name="July" text="&#304;yul"/>
      <l:template name="August" text="Avqust"/>
      <l:template name="September" text="Sentyabr"/>
      <l:template name="October" text="Oktyabr"/>
      <l:template name="November" text="Noyabr"/>
      <l:template name="December" text="Dekabr"/>
      <l:template name="Monday" text="Bazar Ert&#601;si"/>
      <l:template name="Tuesday" text="&#199;&#601;r&#351;&#601;nb&#601; Ax&#351;am&#305; "/>
      <l:template name="Wednesday" text="&#199;&#601;r&#351;&#601;nb&#601;"/>
      <l:template name="Thursday" text="C&#252;m&#601; Ax&#351;am&#305;"/>
      <l:template name="Friday" text="C&#252;m&#601;"/>
      <l:template name="Saturday" text="&#350;&#601;nb&#601;"/>
      <l:template name="Sunday" text="Bazar"/>
   </l:context>

   <l:context name="datetime-abbrev">
      <l:template name="Jan" text="Yan"/>
      <l:template name="Feb" text="Fev"/>
      <l:template name="Mar" text="Mar"/>
      <l:template name="Apr" text="Apr"/>
      <l:template name="May" text="May"/>
      <l:template name="Jun" text="&#304;yn"/>
      <l:template name="Jul" text="&#304;yl"/>
      <l:template name="Aug" text="Avq"/>
      <l:template name="Sep" text="Sen"/>
      <l:template name="Oct" text="Okt"/>
      <l:template name="Nov" text="Noy"/>
      <l:template name="Dec" text="Dek"/>
      <l:template name="Mon" text="Ber"/>
      <l:template name="Tue" text="&#199;ax"/>
      <l:template name="Wed" text="&#199;&#601;r"/>
      <l:template name="Thu" text="Cax"/>
      <l:template name="Fri" text="C&#252;m"/>
      <l:template name="Sat" text="&#350;nb"/>
      <l:template name="Sun" text="Baz"/>
   </l:context>

   <l:context name="htmlhelp">
      <l:template name="langcode" text="0x042c Azerbaijani"/>
   </l:context>

   <l:context name="index">
      <l:template name="term-separator" text=", " lang="en"/>
      <l:template name="number-separator" text=", " lang="en"/>
      <l:template name="range-separator" text="-" lang="en"/>
   </l:context>

   <l:letters>
      <l:l i="-1"/>
      <l:l i="0">&#304;&#351;ar&#601;l&#601;r</l:l>
      <l:l i="1">A</l:l>
      <l:l i="1">a</l:l>
      <l:l i="2">B</l:l>
      <l:l i="2">b</l:l>
      <l:l i="3">C</l:l>
      <l:l i="3">c</l:l>
      <l:l i="4">&#199;</l:l>
      <l:l i="5">&#231;</l:l>
      <l:l i="5">D</l:l>
      <l:l i="5">d</l:l>
      <l:l i="6">E</l:l>
      <l:l i="6">e</l:l>
      <l:l i="7">e</l:l>
      <l:l i="7">e</l:l>
      <l:l i="8">&#399;</l:l>
      <l:l i="8">&#601;</l:l>
      <l:l i="9">G</l:l>
      <l:l i="9">g</l:l>
      <l:l i="10">&#286;</l:l>
      <l:l i="10">&#287;</l:l>
      <l:l i="11">H</l:l>
      <l:l i="11">h</l:l>
      <l:l i="12">X</l:l>
      <l:l i="12">x</l:l>
      <l:l i="13">I</l:l>
      <l:l i="13">&#305;</l:l>
      <l:l i="14">&#304;</l:l>
      <l:l i="14">i</l:l>
      <l:l i="15">J</l:l>
      <l:l i="15">j</l:l>
      <l:l i="16">K</l:l>
      <l:l i="16">k</l:l>
      <l:l i="17">Q</l:l>
      <l:l i="17">q</l:l>
      <l:l i="18">L</l:l>
      <l:l i="18">l</l:l>
      <l:l i="19">M</l:l>
      <l:l i="19">m</l:l>
      <l:l i="20">N</l:l>
      <l:l i="20">n</l:l>
      <l:l i="21">O</l:l>
      <l:l i="21">o</l:l>
      <l:l i="22">&#214;</l:l>
      <l:l i="22">&#246;</l:l>
      <l:l i="23">P</l:l>
      <l:l i="23">p</l:l>
      <l:l i="24">R</l:l>
      <l:l i="24">r</l:l>
      <l:l i="25">S</l:l>
      <l:l i="25">s</l:l>
      <l:l i="26">&#350;</l:l>
      <l:l i="26">&#351;</l:l>
      <l:l i="27">T</l:l>
      <l:l i="27">t</l:l>
      <l:l i="28">U</l:l>
      <l:l i="28">u</l:l>
      <l:l i="29">&#220;</l:l>
      <l:l i="29">&#252;</l:l>
      <l:l i="30">V</l:l>
      <l:l i="30">v</l:l>
      <l:l i="31">Y</l:l>
      <l:l i="31">y</l:l>
      <l:l i="32">Z</l:l>
      <l:l i="32">z</l:l>
   </l:letters>
</l:l10n>
