<?xml version="1.0" encoding="US-ASCII"?>
<l:l10n xmlns:l="http://docbook.sourceforge.net/xmlns/l10n/1.0" language="bg" english-language-name="Bulgarian">

<!-- * This file is generated automatically. -->
<!-- * To submit changes to this file upstream (to the DocBook Project) -->
<!-- * do not submit an edited version of this file. Instead, submit an -->
<!-- * edited version of the source file at the following location: -->
<!-- * -->
<!-- *  https://svn.sourceforge.net/svnroot/docbook/trunk/gentext/locale/bg.xml -->
<!-- * -->
<!-- * E-mail the edited bg.xml source file to: -->
<!-- * -->
<!-- *  docbook-developers@lists.sourceforge.net -->

<!-- ******************************************************************** -->

<!-- This file is part of the XSL DocBook Stylesheet distribution. -->
<!-- See ../README or http://docbook.sf.net/release/xsl/current/ for -->
<!-- copyright and other information. -->

<!-- ******************************************************************** -->

   <l:gentext key="Abstract" text="&#1040;&#1085;&#1086;&#1090;&#1072;&#1094;&#1080;&#1103;"/>
   <l:gentext key="abstract" text="&#1040;&#1085;&#1086;&#1090;&#1072;&#1094;&#1080;&#1103;"/>
   <l:gentext key="Answer" text="&#1054;"/>
   <l:gentext key="answer" text="&#1054;"/>
   <l:gentext key="Appendix" text="&#1055;&#1088;&#1080;&#1083;&#1086;&#1078;&#1077;&#1085;&#1080;&#1077;"/>
   <l:gentext key="appendix" text="&#1055;&#1088;&#1080;&#1083;&#1086;&#1078;&#1077;&#1085;&#1080;&#1077;"/>
   <l:gentext key="Article" text="&#1057;&#1090;&#1072;&#1090;&#1080;&#1103;"/>
   <l:gentext key="article" text="&#1057;&#1090;&#1072;&#1090;&#1080;&#1103;"/>
   <l:gentext key="Author" text="&#1040;&#1074;&#1090;&#1086;&#1088;"/>
   <l:gentext key="Bibliography" text="&#1051;&#1080;&#1090;&#1077;&#1088;&#1072;&#1090;&#1091;&#1088;&#1072;"/>
   <l:gentext key="bibliography" text="&#1051;&#1080;&#1090;&#1077;&#1088;&#1072;&#1090;&#1091;&#1088;&#1072;"/>
   <l:gentext key="Book" text="&#1050;&#1085;&#1080;&#1075;&#1072;"/>
   <l:gentext key="book" text="&#1050;&#1085;&#1080;&#1075;&#1072;"/>
   <l:gentext key="CAUTION" text="&#1042;&#1085;&#1080;&#1084;&#1072;&#1085;&#1080;&#1077;"/>
   <l:gentext key="Caution" text="&#1042;&#1085;&#1080;&#1084;&#1072;&#1085;&#1080;&#1077;"/>
   <l:gentext key="caution" text="&#1042;&#1085;&#1080;&#1084;&#1072;&#1085;&#1080;&#1077;"/>
   <l:gentext key="Chapter" text="&#1043;&#1083;&#1072;&#1074;&#1072;"/>
   <l:gentext key="chapter" text="&#1043;&#1083;&#1072;&#1074;&#1072;"/>
   <l:gentext key="Colophon" text="&#1041;&#1080;&#1073;&#1083;&#1080;&#1086;&#1075;&#1088;&#1072;&#1092;&#1089;&#1082;&#1086; &#1082;&#1072;&#1088;&#1077;"/>
   <l:gentext key="colophon" text="&#1041;&#1080;&#1073;&#1083;&#1080;&#1086;&#1075;&#1088;&#1072;&#1092;&#1089;&#1082;&#1086; &#1082;&#1072;&#1088;&#1077;"/>
   <l:gentext key="Copyright" text="&#1040;&#1074;&#1090;&#1086;&#1088;&#1089;&#1082;&#1080; &#1087;&#1088;&#1072;&#1074;&#1072;"/>
   <l:gentext key="copyright" text="&#1040;&#1074;&#1090;&#1086;&#1088;&#1089;&#1082;&#1080; &#1087;&#1088;&#1072;&#1074;&#1072;"/>
   <l:gentext key="Dedication" text="&#1055;&#1086;&#1089;&#1074;&#1077;&#1097;&#1077;&#1085;&#1080;&#1077;"/>
   <l:gentext key="dedication" text="&#1055;&#1086;&#1089;&#1074;&#1077;&#1097;&#1077;&#1085;&#1080;&#1077;"/>
   <l:gentext key="Edition" text="&#1048;&#1079;&#1076;&#1072;&#1085;&#1080;&#1077;"/>
   <l:gentext key="edition" text="&#1048;&#1079;&#1076;&#1072;&#1085;&#1080;&#1077;"/>
   <l:gentext key="Editor" text="&#1056;&#1077;&#1076;&#1072;&#1082;&#1090;&#1086;&#1088;"/>
   <l:gentext key="Equation" text="&#1060;&#1086;&#1088;&#1084;&#1091;&#1083;&#1072;"/>
   <l:gentext key="equation" text="&#1060;&#1086;&#1088;&#1084;&#1091;&#1083;&#1072;"/>
   <l:gentext key="Example" text="&#1055;&#1088;&#1080;&#1084;&#1077;&#1088;"/>
   <l:gentext key="example" text="&#1055;&#1088;&#1080;&#1084;&#1077;&#1088;"/>
   <l:gentext key="Figure" text="&#1060;&#1080;&#1075;&#1091;&#1088;&#1072;"/>
   <l:gentext key="figure" text="&#1060;&#1080;&#1075;&#1091;&#1088;&#1072;"/>
   <l:gentext key="Glossary" text="&#1058;&#1077;&#1088;&#1084;&#1080;&#1085;&#1086;&#1083;&#1086;&#1075;&#1080;&#1095;&#1077;&#1085; &#1088;&#1077;&#1095;&#1085;&#1080;&#1082;"/>
   <l:gentext key="glossary" text="&#1058;&#1077;&#1088;&#1084;&#1080;&#1085;&#1086;&#1083;&#1086;&#1075;&#1080;&#1095;&#1077;&#1085; &#1088;&#1077;&#1095;&#1085;&#1080;&#1082;"/>
   <l:gentext key="GlossSee" text="&#1074;&#1078;."/>
   <l:gentext key="glosssee" text="&#1074;&#1078;."/>
   <l:gentext key="GlossSeeAlso" text="&#1074;&#1078;."/>
   <l:gentext key="glossseealso" text="&#1074;&#1078;."/>
   <l:gentext key="IMPORTANT" text="&#1042;&#1072;&#1078;&#1085;&#1086;"/>
   <l:gentext key="important" text="&#1042;&#1072;&#1078;&#1085;&#1086;"/>
   <l:gentext key="Important" text="&#1042;&#1072;&#1078;&#1085;&#1086;"/>
   <l:gentext key="Index" text="&#1040;&#1079;&#1073;&#1091;&#1095;&#1077;&#1085; &#1091;&#1082;&#1072;&#1079;&#1072;&#1090;&#1077;&#1083;"/>
   <l:gentext key="index" text="&#1040;&#1079;&#1073;&#1091;&#1095;&#1077;&#1085; &#1091;&#1082;&#1072;&#1079;&#1072;&#1090;&#1077;&#1083;"/>
   <l:gentext key="ISBN" text="ISBN"/>
   <l:gentext key="isbn" text="ISBN"/>
   <l:gentext key="LegalNotice" text="&#1040;&#1074;&#1090;&#1086;&#1088;&#1089;&#1082;&#1080; &#1087;&#1088;&#1072;&#1074;&#1072;"/>
   <l:gentext key="legalnotice" text="&#1040;&#1074;&#1090;&#1086;&#1088;&#1089;&#1082;&#1080; &#1087;&#1088;&#1072;&#1074;&#1072;"/>
   <l:gentext key="MsgAud" text="&#1053;&#1072;&#1089;&#1086;&#1095;&#1077;&#1085;&#1086;&#1089;&#1090;"/>
   <l:gentext key="msgaud" text="&#1053;&#1072;&#1089;&#1086;&#1095;&#1077;&#1085;&#1086;&#1089;&#1090;"/>
   <l:gentext key="MsgLevel" text="&#1053;&#1080;&#1074;&#1086;"/>
   <l:gentext key="msglevel" text="&#1053;&#1080;&#1074;&#1086;"/>
   <l:gentext key="MsgOrig" text="&#1048;&#1079;&#1090;&#1086;&#1095;&#1085;&#1080;&#1082;"/>
   <l:gentext key="msgorig" text="&#1048;&#1079;&#1090;&#1086;&#1095;&#1085;&#1080;&#1082;"/>
   <l:gentext key="NOTE" text="&#1047;&#1072;&#1073;&#1077;&#1083;&#1077;&#1078;&#1082;&#1072;"/>
   <l:gentext key="Note" text="&#1047;&#1072;&#1073;&#1077;&#1083;&#1077;&#1078;&#1082;&#1072;"/>
   <l:gentext key="note" text="&#1047;&#1072;&#1073;&#1077;&#1083;&#1077;&#1078;&#1082;&#1072;"/>
   <l:gentext key="Part" text="&#1063;&#1072;&#1089;&#1090;"/>
   <l:gentext key="part" text="&#1063;&#1072;&#1089;&#1090;"/>
   <l:gentext key="Preface" text="&#1055;&#1088;&#1077;&#1076;&#1075;&#1086;&#1074;&#1086;&#1088;"/>
   <l:gentext key="preface" text="&#1055;&#1088;&#1077;&#1076;&#1075;&#1086;&#1074;&#1086;&#1088;"/>
   <l:gentext key="Procedure" text="&#1055;&#1088;&#1086;&#1094;&#1077;&#1076;&#1091;&#1088;&#1072;"/>
   <l:gentext key="procedure" text="&#1055;&#1088;&#1086;&#1094;&#1077;&#1076;&#1091;&#1088;&#1072;"/>
   <l:gentext key="ProductionSet" text="&#1052;&#1085;&#1086;&#1078;&#1077;&#1089;&#1090;&#1074;&#1086; &#1086;&#1090; &#1076;&#1077;&#1082;&#1072;&#1088;&#1090;&#1086;&#1074;&#1080; &#1087;&#1088;&#1086;&#1080;&#1079;&#1074;&#1077;&#1076;&#1077;&#1085;&#1080;&#1103; &#1087;&#1086; &#1041;&#1072;&#1082;&#1093;&#1091;&#1089;-&#1053;&#1072;&#1091;&#1088;"/>
   <l:gentext key="PubDate" text="&#1044;&#1072;&#1090;&#1072; &#1085;&#1072; &#1080;&#1079;&#1076;&#1072;&#1074;&#1072;&#1085;&#1077;"/>
   <l:gentext key="pubdate" text="&#1044;&#1072;&#1090;&#1072; &#1085;&#1072; &#1080;&#1079;&#1076;&#1072;&#1074;&#1072;&#1085;&#1077;"/>
   <l:gentext key="Published" text="&#1048;&#1079;&#1076;&#1072;&#1076;&#1077;&#1085;"/>
   <l:gentext key="published" text="&#1048;&#1079;&#1076;&#1072;&#1076;&#1077;&#1085;"/>
   <l:gentext key="Publisher" text="&#1048;&#1079;&#1076;&#1072;&#1090;&#1077;&#1083;"/>
   <l:gentext key="Qandadiv" text="&#1042;&#1098;&#1087;&#1088;&#1086;&#1089;&#1080; &#1080; &#1086;&#1090;&#1075;&#1086;&#1074;&#1086;&#1088;&#1080;"/>
   <l:gentext key="qandadiv" text="&#1042;&#1098;&#1087;&#1088;&#1086;&#1089;&#1080; &#1080; &#1086;&#1090;&#1075;&#1086;&#1074;&#1086;&#1088;&#1080;"/>
   <l:gentext key="QandASet" text="&#1063;&#1077;&#1089;&#1090;&#1086; &#1079;&#1072;&#1076;&#1072;&#1074;&#1072;&#1085;&#1080; &#1074;&#1098;&#1087;&#1088;&#1086;&#1089;&#1080;"/>
   <l:gentext key="Question" text="&#1042;"/>
   <l:gentext key="question" text="&#1042;"/>
   <l:gentext key="RefEntry" text="&#1074;&#1078;."/>
   <l:gentext key="refentry" text="&#1074;&#1078;."/>
   <l:gentext key="Reference" text="&#1057;&#1087;&#1088;&#1072;&#1074;&#1086;&#1095;&#1085;&#1080;&#1082;"/>
   <l:gentext key="reference" text="&#1057;&#1087;&#1088;&#1072;&#1074;&#1086;&#1095;&#1085;&#1080;&#1082;"/>
   <l:gentext key="References" text="&#1055;&#1088;&#1077;&#1087;&#1088;&#1072;&#1090;&#1082;&#1080;"/>
   <l:gentext key="RefName" text="&#1053;&#1072;&#1079;&#1074;&#1072;&#1085;&#1080;&#1077;"/>
   <l:gentext key="refname" text="&#1053;&#1072;&#1079;&#1074;&#1072;&#1085;&#1080;&#1077;"/>
   <l:gentext key="RefSection" text="&#1074;&#1078;."/>
   <l:gentext key="refsection" text="&#1074;&#1078;."/>
   <l:gentext key="RefSynopsisDiv" text="&#1057;&#1080;&#1085;&#1090;&#1072;&#1082;&#1089;&#1080;&#1089;"/>
   <l:gentext key="refsynopsisdiv" text="&#1057;&#1080;&#1085;&#1090;&#1072;&#1082;&#1089;&#1080;&#1089;"/>
   <l:gentext key="RevHistory" text="&#1055;&#1088;&#1086;&#1084;&#1077;&#1085;&#1080;"/>
   <l:gentext key="revhistory" text="&#1055;&#1088;&#1086;&#1084;&#1077;&#1085;&#1080;"/>
   <l:gentext key="revision" text="&#1048;&#1079;&#1076;&#1072;&#1085;&#1080;&#1077;"/>
   <l:gentext key="Revision" text="&#1048;&#1079;&#1076;&#1072;&#1085;&#1080;&#1077;"/>
   <l:gentext key="sect1" text="&#1056;&#1072;&#1079;&#1076;&#1077;&#1083;"/>
   <l:gentext key="sect2" text="&#1056;&#1072;&#1079;&#1076;&#1077;&#1083;"/>
   <l:gentext key="sect3" text="&#1056;&#1072;&#1079;&#1076;&#1077;&#1083;"/>
   <l:gentext key="sect4" text="&#1056;&#1072;&#1079;&#1076;&#1077;&#1083;"/>
   <l:gentext key="sect5" text="&#1056;&#1072;&#1079;&#1076;&#1077;&#1083;"/>
   <l:gentext key="section" text="&#1056;&#1072;&#1079;&#1076;&#1077;&#1083;"/>
   <l:gentext key="Section" text="&#1056;&#1072;&#1079;&#1076;&#1077;&#1083;"/>
   <l:gentext key="see" text="&#1074;&#1078;."/>
   <l:gentext key="See" text="&#1074;&#1078;."/>
   <l:gentext key="seealso" text="&#1074;&#1078;."/>
   <l:gentext key="Seealso" text="&#1074;&#1078;."/>
   <l:gentext key="SeeAlso" text="&#1074;&#1078;."/>
   <l:gentext key="set" text="&#1059;&#1082;&#1072;&#1079;&#1072;&#1090;&#1077;&#1083;"/>
   <l:gentext key="Set" text="&#1059;&#1082;&#1072;&#1079;&#1072;&#1090;&#1077;&#1083;"/>
   <l:gentext key="setindex" text="&#1059;&#1082;&#1072;&#1079;&#1072;&#1090;&#1077;&#1083;"/>
   <l:gentext key="SetIndex" text="&#1059;&#1082;&#1072;&#1079;&#1072;&#1090;&#1077;&#1083;"/>
   <l:gentext key="Sidebar" text="&#1056;&#1072;&#1079;&#1076;&#1077;&#1083;&#1080;&#1090;&#1077;&#1083;"/>
   <l:gentext key="sidebar" text="&#1056;&#1072;&#1079;&#1076;&#1077;&#1083;&#1080;&#1090;&#1077;&#1083;"/>
   <l:gentext key="step" text="&#1057;&#1090;&#1098;&#1087;&#1082;&#1072;"/>
   <l:gentext key="Step" text="&#1057;&#1090;&#1098;&#1087;&#1082;&#1072;"/>
   <l:gentext key="table" text="&#1058;&#1072;&#1073;&#1083;&#1080;&#1094;&#1072;"/>
   <l:gentext key="Table" text="&#1058;&#1072;&#1073;&#1083;&#1080;&#1094;&#1072;"/>
   <l:gentext key="task" text="&#1047;&#1072;&#1076;&#1072;&#1095;&#1072;"/>
   <l:gentext key="Task" text="&#1047;&#1072;&#1076;&#1072;&#1095;&#1072;"/>
   <l:gentext key="tip" text="&#1055;&#1086;&#1076;&#1089;&#1082;&#1072;&#1079;&#1082;&#1072;"/>
   <l:gentext key="TIP" text="&#1055;&#1086;&#1076;&#1089;&#1082;&#1072;&#1079;&#1082;&#1072;"/>
   <l:gentext key="Tip" text="&#1055;&#1086;&#1076;&#1089;&#1082;&#1072;&#1079;&#1082;&#1072;"/>
   <l:gentext key="Warning" text="&#1042;&#1085;&#1080;&#1084;&#1072;&#1085;&#1080;&#1077;"/>
   <l:gentext key="warning" text="&#1042;&#1085;&#1080;&#1084;&#1072;&#1085;&#1080;&#1077;"/>
   <l:gentext key="WARNING" text="&#1042;&#1085;&#1080;&#1084;&#1072;&#1085;&#1080;&#1077;"/>
   <l:gentext key="and" text="&#1080;"/>
   <l:gentext key="by" text="&#1086;&#1090;"/>
   <l:gentext key="Edited" text="&#1056;&#1077;&#1076;&#1072;&#1082;&#1090;&#1080;&#1088;&#1072;&#1085;&#1086; &#1086;&#1090;"/>
   <l:gentext key="edited" text="&#1056;&#1077;&#1076;&#1072;&#1082;&#1090;&#1080;&#1088;&#1072;&#1085;&#1086; &#1086;&#1090;"/>
   <l:gentext key="Editedby" text="&#1056;&#1077;&#1076;&#1072;&#1082;&#1090;&#1080;&#1088;&#1072;&#1085;&#1086; &#1086;&#1090;"/>
   <l:gentext key="editedby" text="&#1056;&#1077;&#1076;&#1072;&#1082;&#1090;&#1080;&#1088;&#1072;&#1085;&#1086; &#1086;&#1090;"/>
   <l:gentext key="in" text="&#1074;"/>
   <l:gentext key="lastlistcomma" text=","/>
   <l:gentext key="listcomma" text=","/>
   <l:gentext key="nonexistantelement" text="&#1083;&#1080;&#1087;&#1089;&#1074;&#1072;&#1097; &#1077;&#1083;&#1077;&#1084;&#1077;&#1085;&#1090;"/>
   <l:gentext key="notes" text="&#1047;&#1072;&#1073;&#1077;&#1083;&#1077;&#1078;&#1082;&#1080;"/>
   <l:gentext key="Notes" text="&#1047;&#1072;&#1073;&#1077;&#1083;&#1077;&#1078;&#1082;&#1080;"/>
   <l:gentext key="Pgs" text="&#1089;&#1090;&#1088;."/>
   <l:gentext key="pgs" text="&#1089;&#1090;&#1088;."/>
   <l:gentext key="Revisedby" text="&#1055;&#1088;&#1077;&#1088;&#1072;&#1073;&#1086;&#1090;&#1077;&#1085;&#1086; &#1086;&#1090;"/>
   <l:gentext key="revisedby" text="&#1055;&#1088;&#1077;&#1088;&#1072;&#1073;&#1086;&#1090;&#1077;&#1085;&#1086; &#1086;&#1090;"/>
   <l:gentext key="TableNotes" text="&#1047;&#1072;&#1073;&#1077;&#1083;&#1077;&#1078;&#1082;&#1080;"/>
   <l:gentext key="tablenotes" text="&#1047;&#1072;&#1073;&#1077;&#1083;&#1077;&#1078;&#1082;&#1080;"/>
   <l:gentext key="TableofContents" text="&#1057;&#1098;&#1076;&#1098;&#1088;&#1078;&#1072;&#1085;&#1080;&#1077;"/>
   <l:gentext key="tableofcontents" text="&#1057;&#1098;&#1076;&#1098;&#1088;&#1078;&#1072;&#1085;&#1080;&#1077;"/>
   <l:gentext key="unexpectedelementname" text="&#1085;&#1077;&#1086;&#1095;&#1072;&#1082;&#1074;&#1072;&#1085; &#1077;&#1083;&#1077;&#1084;&#1077;&#1085;&#1090;"/>
   <l:gentext key="unsupported" text="&#1085;&#1077;&#1087;&#1086;&#1076;&#1076;&#1098;&#1088;&#1078;&#1072;&#1085; &#1077;&#1083;&#1077;&#1084;&#1077;&#1085;&#1090;"/>
   <l:gentext key="xrefto" text="&#1074;&#1078;."/>
   <l:gentext key="Authors" text="&#1040;&#1074;&#1090;&#1086;&#1088;&#1080;"/>
   <l:gentext key="copyeditor" text="&#1056;&#1077;&#1076;&#1072;&#1082;&#1090;&#1086;&#1088;"/>
   <l:gentext key="graphicdesigner" text="&#1040;&#1074;&#1090;&#1086;&#1088; &#1085;&#1072; &#1075;&#1088;&#1072;&#1092;&#1080;&#1095;&#1085;&#1086;&#1090;&#1086; &#1086;&#1092;&#1086;&#1088;&#1084;&#1083;&#1077;&#1085;&#1080;&#1077;"/>
   <l:gentext key="productioneditor" text="&#1056;&#1077;&#1076;&#1072;&#1082;&#1090;&#1086;&#1088; &#1085;&#1072; &#1080;&#1079;&#1076;&#1072;&#1085;&#1080;&#1077;&#1090;&#1086;"/>
   <l:gentext key="technicaleditor" text="&#1058;&#1077;&#1093;&#1085;&#1080;&#1095;&#1077;&#1089;&#1082;&#1080; &#1088;&#1077;&#1076;&#1072;&#1082;&#1090;&#1086;&#1088;"/>
   <l:gentext key="translator" text="&#1055;&#1088;&#1077;&#1074;&#1086;&#1076;&#1072;&#1095;"/>
   <l:gentext key="listofequations" text="&#1057;&#1087;&#1080;&#1089;&#1098;&#1082; &#1085;&#1072; &#1092;&#1086;&#1088;&#1084;&#1091;&#1083;&#1080;&#1090;&#1077;"/>
   <l:gentext key="ListofEquations" text="&#1057;&#1087;&#1080;&#1089;&#1098;&#1082; &#1085;&#1072; &#1092;&#1086;&#1088;&#1084;&#1091;&#1083;&#1080;&#1090;&#1077;"/>
   <l:gentext key="ListofExamples" text="&#1057;&#1087;&#1080;&#1089;&#1098;&#1082; &#1085;&#1072; &#1087;&#1088;&#1080;&#1084;&#1077;&#1088;&#1080;&#1090;&#1077;"/>
   <l:gentext key="listofexamples" text="&#1057;&#1087;&#1080;&#1089;&#1098;&#1082; &#1085;&#1072; &#1087;&#1088;&#1080;&#1084;&#1077;&#1088;&#1080;&#1090;&#1077;"/>
   <l:gentext key="ListofFigures" text="&#1057;&#1087;&#1080;&#1089;&#1098;&#1082; &#1085;&#1072; &#1092;&#1080;&#1075;&#1091;&#1088;&#1080;&#1090;&#1077;"/>
   <l:gentext key="listoffigures" text="&#1057;&#1087;&#1080;&#1089;&#1098;&#1082; &#1085;&#1072; &#1092;&#1080;&#1075;&#1091;&#1088;&#1080;&#1090;&#1077;"/>
   <l:gentext key="ListofProcedures" text="&#1057;&#1087;&#1080;&#1089;&#1098;&#1082; &#1085;&#1072; &#1087;&#1088;&#1086;&#1094;&#1077;&#1076;&#1091;&#1088;&#1080;&#1090;&#1077;"/>
   <l:gentext key="listofprocedures" text="&#1057;&#1087;&#1080;&#1089;&#1098;&#1082; &#1085;&#1072; &#1087;&#1088;&#1086;&#1094;&#1077;&#1076;&#1091;&#1088;&#1080;&#1090;&#1077;"/>
   <l:gentext key="listoftables" text="&#1057;&#1087;&#1080;&#1089;&#1098;&#1082; &#1085;&#1072; &#1090;&#1072;&#1073;&#1083;&#1080;&#1094;&#1080;&#1090;&#1077;"/>
   <l:gentext key="ListofTables" text="&#1057;&#1087;&#1080;&#1089;&#1098;&#1082; &#1085;&#1072; &#1090;&#1072;&#1073;&#1083;&#1080;&#1094;&#1080;&#1090;&#1077;"/>
   <l:gentext key="ListofUnknown" text="&#1057;&#1087;&#1080;&#1089;&#1098;&#1082; &#1089; &#1076;&#1088;&#1091;&#1075;&#1080; &#1085;&#1077;&#1097;&#1072;"/>
   <l:gentext key="listofunknown" text="&#1057;&#1087;&#1080;&#1089;&#1098;&#1082; &#1089; &#1076;&#1088;&#1091;&#1075;&#1080; &#1085;&#1077;&#1097;&#1072;"/>
   <l:gentext key="nav-home" text="&#1053;&#1072;&#1095;&#1072;&#1083;&#1086;"/>
   <l:gentext key="nav-next" text="&#1053;&#1072;&#1087;&#1088;&#1077;&#1076;"/>
   <l:gentext key="nav-next-sibling" text="&#1055;&#1088;&#1077;&#1089;&#1082;&#1072;&#1095;&#1072;&#1085;&#1077; &#1085;&#1072;&#1087;&#1088;&#1077;&#1076;"/>
   <l:gentext key="nav-prev" text="&#1053;&#1072;&#1079;&#1072;&#1076;"/>
   <l:gentext key="nav-prev-sibling" text="&#1055;&#1088;&#1077;&#1089;&#1082;&#1072;&#1095;&#1072;&#1085;&#1077; &#1085;&#1072;&#1079;&#1072;&#1076;"/>
   <l:gentext key="nav-up" text="&#1053;&#1080;&#1074;&#1086; &#1085;&#1072;&#1075;&#1086;&#1088;&#1077;"/>
   <l:gentext key="nav-toc" text="&#1057;&#1098;&#1076;&#1098;&#1088;&#1078;&#1072;&#1085;&#1080;&#1077;"/>
   <l:gentext key="Draft" text="&#1063;&#1077;&#1088;&#1085;&#1086;&#1074;&#1072;"/>
   <l:gentext key="above" text="&#1087;&#1086;-&#1075;&#1086;&#1088;&#1077;"/>
   <l:gentext key="below" text="&#1087;&#1086;-&#1076;&#1086;&#1083;&#1091;"/>
   <l:gentext key="sectioncalled" text="&#1088;&#1072;&#1079;&#1076;&#1077;&#1083;&#1098;&#1090; &#1089;&#1098;&#1089; &#1079;&#1072;&#1075;&#1083;&#1072;&#1074;&#1080;&#1077;"/>
   <l:gentext key="index symbols" text="&#1089;&#1080;&#1084;&#1074;&#1086;&#1083;&#1080;"/>
   <l:gentext key="lowercase.alpha" text="&#1072;&#1073;&#1074;&#1075;&#1076;&#1077;&#1078;&#1079;&#1080;&#1081;&#1082;&#1083;&#1084;&#1085;&#1086;&#1087;&#1088;&#1089;&#1090;&#1091;&#1092;&#1093;&#1094;&#1095;&#1096;&#1097;&#1098;&#1099;&#1100;&#1101;&#1102;&#1103;"/>
   <l:gentext key="uppercase.alpha" text="&#1040;&#1041;&#1042;&#1043;&#1044;&#1045;&#1046;&#1047;&#1048;&#1049;&#1050;&#1051;&#1052;&#1053;&#1054;&#1055;&#1056;&#1057;&#1058;&#1059;&#1060;&#1061;&#1062;&#1063;&#1064;&#1065;&#1066;&#1067;&#1068;&#1069;&#1070;&#1071;"/>
   <l:dingbat key="startquote" text="&#8222;"/>
   <l:dingbat key="endquote" text="&#8220;"/>
   <l:dingbat key="nestedstartquote" text="&#8222;"/>
   <l:dingbat key="nestedendquote" text="&#8220;"/>
   <l:dingbat key="singlestartquote" text="&#171;"/>
   <l:dingbat key="singleendquote" text="&#187;"/>
   <l:dingbat key="bullet" text="&#8212;"/>
   <l:gentext key="hyphenation-character" text="-"/>
   <l:gentext key="hyphenation-push-character-count" text="2"/>
   <l:gentext key="hyphenation-remain-character-count" text="2"/>

   <l:context name="styles">
      <l:template name="person-name" text="first-last"/>
   </l:context>

   <l:context name="title">
      <l:template name="abstract" text="%t"/>
      <l:template name="answer" text="%t"/>
      <l:template name="appendix" text="&#1055;&#1088;&#1080;&#1083;&#1086;&#1078;&#1077;&#1085;&#1080;&#1077;&#160;%n.&#160;%t"/>
      <l:template name="article" text="%t"/>
      <l:template name="authorblurb" text="%t"/>
      <l:template name="bibliodiv" text="%t"/>
      <l:template name="biblioentry" text="%t"/>
      <l:template name="bibliography" text="%t"/>
      <l:template name="bibliolist" text="%t"/>
      <l:template name="bibliomixed" text="%t"/>
      <l:template name="bibliomset" text="%t"/>
      <l:template name="biblioset" text="%t"/>
      <l:template name="blockquote" text="%t"/>
      <l:template name="book" text="%t"/>
      <l:template name="calloutlist" text="%t"/>
      <l:template name="caution" text="%t"/>
      <l:template name="chapter" text="&#1043;&#1083;&#1072;&#1074;&#1072;&#160;%n.&#160;%t"/>
      <l:template name="colophon" text="%t"/>
      <l:template name="dedication" text="%t"/>
      <l:template name="equation" text="&#1060;&#1086;&#1088;&#1084;&#1091;&#1083;&#1072;&#160;%n.&#160;%t"/>
      <l:template name="example" text="&#1055;&#1088;&#1080;&#1084;&#1077;&#1088;&#160;%n.&#160;%t"/>
      <l:template name="figure" text="&#1060;&#1080;&#1075;&#1091;&#1088;&#1072;&#160;%n.&#160;%t"/>
      <l:template name="foil" text="%t"/>
      <l:template name="foilgroup" text="%t"/>
      <l:template name="formalpara" text="%t"/>
      <l:template name="glossary" text="%t"/>
      <l:template name="glossdiv" text="%t"/>
      <l:template name="glosslist" text="%t"/>
      <l:template name="glossentry" text="%t"/>
      <l:template name="important" text="%t"/>
      <l:template name="index" text="%t"/>
      <l:template name="indexdiv" text="%t"/>
      <l:template name="itemizedlist" text="%t"/>
      <l:template name="legalnotice" text="%t"/>
      <l:template name="listitem" text=""/>
      <l:template name="lot" text="%t"/>
      <l:template name="msg" text="%t"/>
      <l:template name="msgexplan" text="%t"/>
      <l:template name="msgmain" text="%t"/>
      <l:template name="msgrel" text="%t"/>
      <l:template name="msgset" text="%t"/>
      <l:template name="msgsub" text="%t"/>
      <l:template name="note" text="%t"/>
      <l:template name="orderedlist" text="%t"/>
      <l:template name="part" text="&#1063;&#1072;&#1089;&#1090;&#160;%n.&#160;%t"/>
      <l:template name="partintro" text="%t"/>
      <l:template name="preface" text="%t"/>
      <l:template name="procedure" text="%t"/>
      <l:template name="procedure.formal" text="&#1055;&#1088;&#1086;&#1094;&#1077;&#1076;&#1091;&#1088;&#1072;&#160;%n.&#160;%t"/>
      <l:template name="productionset" text="%t"/>
      <l:template name="productionset.formal" text="&#1052;&#1085;&#1086;&#1078;&#1077;&#1089;&#1090;&#1074;&#1086; &#1086;&#1090; &#1076;&#1077;&#1082;&#1072;&#1088;&#1090;&#1086;&#1074;&#1080; &#1087;&#1088;&#1086;&#1080;&#1079;&#1074;&#1077;&#1076;&#1077;&#1085;&#1080;&#1103; &#1087;&#1086; &#1041;&#1072;&#1082;&#1093;&#1091;&#1089;-&#1053;&#1072;&#1091;&#1088;&#160;%n"/>
      <l:template name="qandadiv" text="%t"/>
      <l:template name="qandaentry" text="%t"/>
      <l:template name="qandaset" text="%t"/>
      <l:template name="question" text="%t"/>
      <l:template name="refentry" text="%t"/>
      <l:template name="reference" text="%t"/>
      <l:template name="refsection" text="%t"/>
      <l:template name="refsect1" text="%t"/>
      <l:template name="refsect2" text="%t"/>
      <l:template name="refsect3" text="%t"/>
      <l:template name="refsynopsisdiv" text="%t"/>
      <l:template name="refsynopsisdivinfo" text="%t"/>
      <l:template name="segmentedlist" text="%t"/>
      <l:template name="set" text="%t"/>
      <l:template name="setindex" text="%t"/>
      <l:template name="sidebar" text="%t"/>
      <l:template name="step" text="%t"/>
      <l:template name="table" text="&#1058;&#1072;&#1073;&#1083;&#1080;&#1094;&#1072;&#160;%n.&#160;%t"/>
      <l:template name="task" text="%t"/>
      <l:template name="tasksummary" text="%t"/>
      <l:template name="taskprerequisites" text="%t"/>
      <l:template name="taskrelated" text="%t"/>
      <l:template name="tip" text="%t"/>
      <l:template name="toc" text="%t"/>
      <l:template name="variablelist" text="%t"/>
      <l:template name="varlistentry" text=""/>
      <l:template name="warning" text="%t"/>
   </l:context>

   <l:context name="title-unnumbered">
      <l:template name="appendix" text="%t"/>
      <l:template name="article/appendix" text="%t"/>
      <l:template name="bridgehead" text="%t"/>
      <l:template name="chapter" text="%t"/>
      <l:template name="sect1" text="%t"/>
      <l:template name="sect2" text="%t"/>
      <l:template name="sect3" text="%t"/>
      <l:template name="sect4" text="%t"/>
      <l:template name="sect5" text="%t"/>
      <l:template name="section" text="%t"/>
      <l:template name="simplesect" text="%t"/>
      <l:template name="part" text="%t"/>
   </l:context>

   <l:context name="title-numbered">
      <l:template name="appendix" text="&#1055;&#1088;&#1080;&#1083;&#1086;&#1078;&#1077;&#1085;&#1080;&#1077;&#160;%n.&#160;%t"/>
      <l:template name="article/appendix" text="%n.&#160;%t"/>
      <l:template name="bridgehead" text="%n.&#160;%t"/>
      <l:template name="chapter" text="&#1043;&#1083;&#1072;&#1074;&#1072;&#160;%n.&#160;%t"/>
      <l:template name="sect1" text="%n.&#160;%t"/>
      <l:template name="sect2" text="%n.&#160;%t"/>
      <l:template name="sect3" text="%n.&#160;%t"/>
      <l:template name="sect4" text="%n.&#160;%t"/>
      <l:template name="sect5" text="%n.&#160;%t"/>
      <l:template name="section" text="%n.&#160;%t"/>
      <l:template name="simplesect" text="%t"/>
      <l:template name="part" text="&#1063;&#1072;&#1089;&#1090;&#160;%n.&#160;%t"/>
   </l:context>

   <l:context name="subtitle">
      <l:template name="appendix" text="%s"/>
      <l:template name="article" text="%s"/>
      <l:template name="bibliodiv" text="%s"/>
      <l:template name="biblioentry" text="%s"/>
      <l:template name="bibliography" text="%s"/>
      <l:template name="bibliomixed" text="%s"/>
      <l:template name="bibliomset" text="%s"/>
      <l:template name="biblioset" text="%s"/>
      <l:template name="book" text="%s"/>
      <l:template name="chapter" text="%s"/>
      <l:template name="colophon" text="%s"/>
      <l:template name="dedication" text="%s"/>
      <l:template name="glossary" text="%s"/>
      <l:template name="glossdiv" text="%s"/>
      <l:template name="index" text="%s"/>
      <l:template name="indexdiv" text="%s"/>
      <l:template name="lot" text="%s"/>
      <l:template name="part" text="%s"/>
      <l:template name="partintro" text="%s"/>
      <l:template name="preface" text="%s"/>
      <l:template name="refentry" text="%s"/>
      <l:template name="reference" text="%s"/>
      <l:template name="refsection" text="%s"/>
      <l:template name="refsect1" text="%s"/>
      <l:template name="refsect2" text="%s"/>
      <l:template name="refsect3" text="%s"/>
      <l:template name="refsynopsisdiv" text="%s"/>
      <l:template name="sect1" text="%s"/>
      <l:template name="sect2" text="%s"/>
      <l:template name="sect3" text="%s"/>
      <l:template name="sect4" text="%s"/>
      <l:template name="sect5" text="%s"/>
      <l:template name="section" text="%s"/>
      <l:template name="set" text="%s"/>
      <l:template name="setindex" text="%s"/>
      <l:template name="sidebar" text="%s"/>
      <l:template name="simplesect" text="%s"/>
      <l:template name="toc" text="%s"/>
   </l:context>

   <l:context name="xref">
      <l:template name="abstract" text="%t"/>
      <l:template name="answer" text="&#1054;.&#160;%n"/>
      <l:template name="appendix" text="%t"/>
      <l:template name="article" text="%t"/>
      <l:template name="authorblurb" text="%t"/>
      <l:template name="bibliodiv" text="%t"/>
      <l:template name="bibliography" text="%t"/>
      <l:template name="bibliomset" text="%t"/>
      <l:template name="biblioset" text="%t"/>
      <l:template name="blockquote" text="%t"/>
      <l:template name="book" text="%t"/>
      <l:template name="calloutlist" text="%t"/>
      <l:template name="caution" text="%t"/>
      <l:template name="chapter" text="%t"/>
      <l:template name="colophon" text="%t"/>
      <l:template name="constraintdef" text="%t"/>
      <l:template name="dedication" text="%t"/>
      <l:template name="equation" text="%t"/>
      <l:template name="example" text="%t"/>
      <l:template name="figure" text="%t"/>
      <l:template name="foil" text="%t"/>
      <l:template name="foilgroup" text="%t"/>
      <l:template name="formalpara" text="%t"/>
      <l:template name="glossary" text="%t"/>
      <l:template name="glossdiv" text="%t"/>
      <l:template name="important" text="%t"/>
      <l:template name="index" text="%t"/>
      <l:template name="indexdiv" text="%t"/>
      <l:template name="itemizedlist" text="%t"/>
      <l:template name="legalnotice" text="%t"/>
      <l:template name="listitem" text="%n"/>
      <l:template name="lot" text="%t"/>
      <l:template name="msg" text="%t"/>
      <l:template name="msgexplan" text="%t"/>
      <l:template name="msgmain" text="%t"/>
      <l:template name="msgrel" text="%t"/>
      <l:template name="msgset" text="%t"/>
      <l:template name="msgsub" text="%t"/>
      <l:template name="note" text="%t"/>
      <l:template name="orderedlist" text="%t"/>
      <l:template name="part" text="%t"/>
      <l:template name="partintro" text="%t"/>
      <l:template name="preface" text="%t"/>
      <l:template name="procedure" text="%t"/>
      <l:template name="productionset" text="%t"/>
      <l:template name="qandadiv" text="%t"/>
      <l:template name="qandaentry" text="&#1042;.&#160;%n"/>
      <l:template name="qandaset" text="%t"/>
      <l:template name="question" text="&#1042;.&#160;%n"/>
      <l:template name="reference" text="%t"/>
      <l:template name="refsynopsisdiv" text="%t"/>
      <l:template name="segmentedlist" text="%t"/>
      <l:template name="set" text="%t"/>
      <l:template name="setindex" text="%t"/>
      <l:template name="sidebar" text="%t"/>
      <l:template name="table" text="%t"/>
      <l:template name="task" text="%t"/>
      <l:template name="tip" text="%t"/>
      <l:template name="toc" text="%t"/>
      <l:template name="variablelist" text="%t"/>
      <l:template name="varlistentry" text="%n"/>
      <l:template name="warning" text="%t"/>
      <l:template name="olink.document.citation" text=" in %o"/>
      <l:template name="olink.page.citation" text=" (page %p)"/>
      <l:template name="page.citation" text=" [%p]"/>
      <l:template name="page" text="(page %p)"/>
      <l:template name="docname" text=" in %o"/>
      <l:template name="docnamelong" text=" in the document titled %o"/>
      <l:template name="pageabbrev" text="(p. %p)"/>
      <l:template name="Page" text="Page %p"/>
      <l:template name="bridgehead" text="&#1088;&#1072;&#1079;&#1076;&#1077;&#1083;&#1098;&#1090; &#1089;&#1098;&#1089; &#1079;&#1072;&#1075;&#1083;&#1072;&#1074;&#1080;&#1077; &#8222;%t&#8220;"/>
      <l:template name="refsection" text="&#1088;&#1072;&#1079;&#1076;&#1077;&#1083;&#1098;&#1090; &#1089;&#1098;&#1089; &#1079;&#1072;&#1075;&#1083;&#1072;&#1074;&#1080;&#1077; &#8222;%t&#8220;"/>
      <l:template name="refsect1" text="&#1088;&#1072;&#1079;&#1076;&#1077;&#1083;&#1098;&#1090; &#1089;&#1098;&#1089; &#1079;&#1072;&#1075;&#1083;&#1072;&#1074;&#1080;&#1077; &#8222;%t&#8220;"/>
      <l:template name="refsect2" text="&#1088;&#1072;&#1079;&#1076;&#1077;&#1083;&#1098;&#1090; &#1089;&#1098;&#1089; &#1079;&#1072;&#1075;&#1083;&#1072;&#1074;&#1080;&#1077; &#8222;%t&#8220;"/>
      <l:template name="refsect3" text="&#1088;&#1072;&#1079;&#1076;&#1077;&#1083;&#1098;&#1090; &#1089;&#1098;&#1089; &#1079;&#1072;&#1075;&#1083;&#1072;&#1074;&#1080;&#1077; &#8222;%t&#8220;"/>
      <l:template name="sect1" text="&#1088;&#1072;&#1079;&#1076;&#1077;&#1083;&#1098;&#1090; &#1089;&#1098;&#1089; &#1079;&#1072;&#1075;&#1083;&#1072;&#1074;&#1080;&#1077; &#8222;%t&#8220;"/>
      <l:template name="sect2" text="&#1088;&#1072;&#1079;&#1076;&#1077;&#1083;&#1098;&#1090; &#1089;&#1098;&#1089; &#1079;&#1072;&#1075;&#1083;&#1072;&#1074;&#1080;&#1077; &#8222;%t&#8220;"/>
      <l:template name="sect3" text="&#1088;&#1072;&#1079;&#1076;&#1077;&#1083;&#1098;&#1090; &#1089;&#1098;&#1089; &#1079;&#1072;&#1075;&#1083;&#1072;&#1074;&#1080;&#1077; &#8222;%t&#8220;"/>
      <l:template name="sect4" text="&#1088;&#1072;&#1079;&#1076;&#1077;&#1083;&#1098;&#1090; &#1089;&#1098;&#1089; &#1079;&#1072;&#1075;&#1083;&#1072;&#1074;&#1080;&#1077; &#8222;%t&#8220;"/>
      <l:template name="sect5" text="&#1088;&#1072;&#1079;&#1076;&#1077;&#1083;&#1098;&#1090; &#1089;&#1098;&#1089; &#1079;&#1072;&#1075;&#1083;&#1072;&#1074;&#1080;&#1077; &#8222;%t&#8220;"/>
      <l:template name="section" text="&#1088;&#1072;&#1079;&#1076;&#1077;&#1083;&#1098;&#1090; &#1089;&#1098;&#1089; &#1079;&#1072;&#1075;&#1083;&#1072;&#1074;&#1080;&#1077; &#8222;%t&#8220;"/>
      <l:template name="simplesect" text="&#1088;&#1072;&#1079;&#1076;&#1077;&#1083;&#1098;&#1090; &#1089;&#1098;&#1089; &#1079;&#1072;&#1075;&#1083;&#1072;&#1074;&#1080;&#1077; &#8222;%t&#8220;"/>
   </l:context>

   <l:context name="xref-number">
      <l:template name="answer" text="&#1054;.&#160;%n"/>
      <l:template name="appendix" text="&#1055;&#1088;&#1080;&#1083;&#1086;&#1078;&#1077;&#1085;&#1080;&#1077;&#160;%n"/>
      <l:template name="bridgehead" text="&#1056;&#1072;&#1079;&#1076;&#1077;&#1083;&#160;%n"/>
      <l:template name="chapter" text="&#1043;&#1083;&#1072;&#1074;&#1072;&#160;%n"/>
      <l:template name="equation" text="&#1060;&#1086;&#1088;&#1084;&#1091;&#1083;&#1072;&#160;%n"/>
      <l:template name="example" text="&#1055;&#1088;&#1080;&#1084;&#1077;&#1088;&#160;%n"/>
      <l:template name="figure" text="&#1060;&#1080;&#1075;&#1091;&#1088;&#1072;&#160;%n"/>
      <l:template name="part" text="&#1063;&#1072;&#1089;&#1090;&#160;%n"/>
      <l:template name="procedure" text="&#1055;&#1088;&#1086;&#1094;&#1077;&#1076;&#1091;&#1088;&#1072;&#160;%n"/>
      <l:template name="productionset" text="&#1052;&#1085;&#1086;&#1078;&#1077;&#1089;&#1090;&#1074;&#1086; &#1086;&#1090; &#1076;&#1077;&#1082;&#1072;&#1088;&#1090;&#1086;&#1074;&#1080; &#1087;&#1088;&#1086;&#1080;&#1079;&#1074;&#1077;&#1076;&#1077;&#1085;&#1080;&#1103; &#1087;&#1086; &#1041;&#1072;&#1082;&#1093;&#1091;&#1089;-&#1053;&#1072;&#1091;&#1088;&#160;%n"/>
      <l:template name="qandadiv" text="&#1042;&#1098;&#1087;&#1088;&#1086;&#1089;&#1080; &#1080; &#1086;&#1090;&#1075;&#1086;&#1074;&#1086;&#1088;&#1080;&#160;%n"/>
      <l:template name="qandaentry" text="&#1042;.&#160;%n"/>
      <l:template name="question" text="&#1042;.&#160;%n"/>
      <l:template name="sect1" text="&#1056;&#1072;&#1079;&#1076;&#1077;&#1083;&#160;%n"/>
      <l:template name="sect2" text="&#1056;&#1072;&#1079;&#1076;&#1077;&#1083;&#160;%n"/>
      <l:template name="sect3" text="&#1056;&#1072;&#1079;&#1076;&#1077;&#1083;&#160;%n"/>
      <l:template name="sect4" text="&#1056;&#1072;&#1079;&#1076;&#1077;&#1083;&#160;%n"/>
      <l:template name="sect5" text="&#1056;&#1072;&#1079;&#1076;&#1077;&#1083;&#160;%n"/>
      <l:template name="section" text="&#1056;&#1072;&#1079;&#1076;&#1077;&#1083;&#160;%n"/>
      <l:template name="table" text="&#1058;&#1072;&#1073;&#1083;&#1080;&#1094;&#1072;&#160;%n"/>
   </l:context>

   <l:context name="xref-number-and-title">
      <l:template name="appendix" text="&#1055;&#1088;&#1080;&#1083;&#1086;&#1078;&#1077;&#1085;&#1080;&#1077;&#160;%n, %t"/>
      <l:template name="bridgehead" text="&#1056;&#1072;&#1079;&#1076;&#1077;&#1083;&#160;%n, &#8222;%t&#8220;"/>
      <l:template name="chapter" text="&#1043;&#1083;&#1072;&#1074;&#1072;&#160;%n, %t"/>
      <l:template name="equation" text="&#1060;&#1086;&#1088;&#1084;&#1091;&#1083;&#1072;&#160;%n, &#8222;%t&#8220;"/>
      <l:template name="example" text="&#1055;&#1088;&#1080;&#1084;&#1077;&#1088;&#160;%n, &#8222;%t&#8220;"/>
      <l:template name="figure" text="&#1060;&#1080;&#1075;&#1091;&#1088;&#1072;&#160;%n, &#8222;%t&#8220;"/>
      <l:template name="part" text="&#1063;&#1072;&#1089;&#1090;&#160;%n, &#8222;%t&#8220;"/>
      <l:template name="procedure" text="&#1055;&#1088;&#1086;&#1094;&#1077;&#1076;&#1091;&#1088;&#1072;&#160;%n, &#8222;%t&#8220;"/>
      <l:template name="productionset" text="&#1052;&#1085;&#1086;&#1078;&#1077;&#1089;&#1090;&#1074;&#1086; &#1086;&#1090; &#1076;&#1077;&#1082;&#1072;&#1088;&#1090;&#1086;&#1074;&#1080; &#1087;&#1088;&#1086;&#1080;&#1079;&#1074;&#1077;&#1076;&#1077;&#1085;&#1080;&#1103; &#1087;&#1086; &#1041;&#1072;&#1082;&#1093;&#1091;&#1089;-&#1053;&#1072;&#1091;&#1088;&#160;%n, &#8222;%t&#8220;"/>
      <l:template name="qandadiv" text="&#1042;&#1098;&#1087;&#1088;&#1086;&#1089;&#1080; &#1080; &#1086;&#1090;&#1075;&#1086;&#1074;&#1086;&#1088;&#1080;&#160;%n, &#8222;%t&#8220;"/>
      <l:template name="refsect1" text="&#1088;&#1072;&#1079;&#1076;&#1077;&#1083;&#1098;&#1090; &#1089;&#1098;&#1089; &#1079;&#1072;&#1075;&#1083;&#1072;&#1074;&#1080;&#1077; &#8222;%t&#8220;"/>
      <l:template name="refsect2" text="&#1088;&#1072;&#1079;&#1076;&#1077;&#1083;&#1098;&#1090; &#1089;&#1098;&#1089; &#1079;&#1072;&#1075;&#1083;&#1072;&#1074;&#1080;&#1077; &#8222;%t&#8220;"/>
      <l:template name="refsect3" text="&#1088;&#1072;&#1079;&#1076;&#1077;&#1083;&#1098;&#1090; &#1089;&#1098;&#1089; &#1079;&#1072;&#1075;&#1083;&#1072;&#1074;&#1080;&#1077; &#8222;%t&#8220;"/>
      <l:template name="refsection" text="&#1088;&#1072;&#1079;&#1076;&#1077;&#1083;&#1098;&#1090; &#1089;&#1098;&#1089; &#1079;&#1072;&#1075;&#1083;&#1072;&#1074;&#1080;&#1077; &#8222;%t&#8220;"/>
      <l:template name="sect1" text="&#1056;&#1072;&#1079;&#1076;&#1077;&#1083;&#160;%n, &#8222;%t&#8220;"/>
      <l:template name="sect2" text="&#1056;&#1072;&#1079;&#1076;&#1077;&#1083;&#160;%n, &#8222;%t&#8220;"/>
      <l:template name="sect3" text="&#1056;&#1072;&#1079;&#1076;&#1077;&#1083;&#160;%n, &#8222;%t&#8220;"/>
      <l:template name="sect4" text="&#1056;&#1072;&#1079;&#1076;&#1077;&#1083;&#160;%n, &#8222;%t&#8220;"/>
      <l:template name="sect5" text="&#1056;&#1072;&#1079;&#1076;&#1077;&#1083;&#160;%n, &#8222;%t&#8220;"/>
      <l:template name="section" text="&#1056;&#1072;&#1079;&#1076;&#1077;&#1083;&#160;%n, &#8222;%t&#8220;"/>
      <l:template name="simplesect" text="&#1088;&#1072;&#1079;&#1076;&#1077;&#1083;&#1098;&#1090; &#1089;&#1098;&#1089; &#1079;&#1072;&#1075;&#1083;&#1072;&#1074;&#1080;&#1077; &#8222;%t&#8220;"/>
      <l:template name="table" text="&#1058;&#1072;&#1073;&#1083;&#1080;&#1094;&#1072;&#160;%n, &#8222;%t&#8220;"/>
   </l:context>

   <l:context name="authorgroup">
      <l:template name="sep" text=", "/>
      <l:template name="sep2" text=" &#1080; "/>
      <l:template name="seplast" text=" &#1080; "/>
   </l:context>

   <l:context name="glossary">
      <l:template name="see" text="&#1074;&#1078;. %t"/>
      <l:template name="seealso" text="&#1074;&#1078;. %t"/>
   </l:context>

   <l:context name="msgset">
      <l:template name="MsgAud" text="&#1053;&#1072;&#1089;&#1086;&#1095;&#1077;&#1085;&#1086;&#1089;&#1090;: "/>
      <l:template name="MsgLevel" text="&#1053;&#1080;&#1074;&#1086;: "/>
      <l:template name="MsgOrig" text="&#1048;&#1079;&#1090;&#1086;&#1095;&#1085;&#1080;&#1082;: "/>
   </l:context>

   <l:context name="datetime">
      <l:template name="format" text="d.m.Y&#160;&#1075;."/>
   </l:context>

   <l:context name="termdef">
      <l:template name="prefix" text="[Definition: "/>
      <l:template name="suffix" text="]"/>
   </l:context>

   <l:context name="datetime-full">
      <l:template name="January" text="&#1103;&#1085;&#1091;&#1072;&#1088;&#1080;"/>
      <l:template name="February" text="&#1092;&#1077;&#1074;&#1088;&#1091;&#1072;&#1088;&#1080;"/>
      <l:template name="March" text="&#1084;&#1072;&#1088;&#1090;"/>
      <l:template name="April" text="&#1072;&#1087;&#1088;&#1080;&#1083;"/>
      <l:template name="May" text="&#1084;&#1072;&#1081;"/>
      <l:template name="June" text="&#1102;&#1085;&#1080;"/>
      <l:template name="July" text="&#1102;&#1083;&#1080;"/>
      <l:template name="August" text="&#1072;&#1074;&#1075;&#1091;&#1089;&#1090;"/>
      <l:template name="September" text="&#1089;&#1077;&#1087;&#1090;&#1077;&#1084;&#1074;&#1088;&#1080;"/>
      <l:template name="October" text="&#1086;&#1082;&#1090;&#1086;&#1084;&#1074;&#1088;&#1080;"/>
      <l:template name="November" text="&#1085;&#1086;&#1077;&#1084;&#1074;&#1088;&#1080;"/>
      <l:template name="December" text="&#1076;&#1077;&#1082;&#1077;&#1084;&#1074;&#1088;&#1080;"/>
      <l:template name="Monday" text="&#1087;&#1086;&#1085;&#1077;&#1076;&#1077;&#1083;&#1085;&#1080;&#1082;"/>
      <l:template name="Tuesday" text="&#1074;&#1090;&#1086;&#1088;&#1085;&#1080;&#1082;"/>
      <l:template name="Wednesday" text="&#1089;&#1088;&#1103;&#1076;&#1072;"/>
      <l:template name="Thursday" text="&#1095;&#1077;&#1090;&#1074;&#1098;&#1088;&#1090;&#1098;&#1082;"/>
      <l:template name="Friday" text="&#1087;&#1077;&#1090;&#1098;&#1082;"/>
      <l:template name="Saturday" text="&#1089;&#1098;&#1073;&#1086;&#1090;&#1072;"/>
      <l:template name="Sunday" text="&#1085;&#1077;&#1076;&#1077;&#1083;&#1103;"/>
   </l:context>

   <l:context name="datetime-abbrev">
      <l:template name="Jan" text="&#1103;&#1085;."/>
      <l:template name="Feb" text="&#1092;&#1077;&#1074;."/>
      <l:template name="Mar" text="&#1084;&#1072;&#1088;&#1090;"/>
      <l:template name="Apr" text="&#1072;&#1087;&#1088;."/>
      <l:template name="May" text="&#1084;&#1072;&#1081;"/>
      <l:template name="Jun" text="&#1102;&#1085;&#1080;"/>
      <l:template name="Jul" text="&#1102;&#1083;&#1080;"/>
      <l:template name="Aug" text="&#1072;&#1074;&#1075;."/>
      <l:template name="Sep" text="&#1089;&#1077;&#1087;."/>
      <l:template name="Oct" text="&#1086;&#1082;&#1090;."/>
      <l:template name="Nov" text="&#1085;&#1086;&#1077;&#1084;."/>
      <l:template name="Dec" text="&#1076;&#1077;&#1082;."/>
      <l:template name="Mon" text="&#1087;&#1086;&#1085;."/>
      <l:template name="Tue" text="&#1074;&#1090;."/>
      <l:template name="Wed" text="&#1089;&#1088;."/>
      <l:template name="Thu" text="&#1095;&#1077;&#1090;."/>
      <l:template name="Fri" text="&#1087;&#1077;&#1090;."/>
      <l:template name="Sat" text="&#1089;&#1098;&#1073;."/>
      <l:template name="Sun" text="&#1085;&#1077;&#1076;."/>
   </l:context>

   <l:context name="htmlhelp">
      <l:template name="langcode" text="0x0402 Bulgarian"/>
   </l:context>

   <l:context name="index">
      <l:template name="term-separator" text=", "/>
      <l:template name="number-separator" text=", "/>
      <l:template name="range-separator" text="&#8212;"/>
   </l:context>

   <l:letters>
      <l:l i="-1"/>
      <l:l i="0">&#1062;&#1080;&#1092;&#1088;&#1080; &#1080; &#1079;&#1085;&#1072;&#1094;&#1080;</l:l>
      <l:l i="10">&#1040;</l:l>
      <l:l i="10">&#1072;</l:l>
      <l:l i="20">&#1041;</l:l>
      <l:l i="20">&#1073;</l:l>
      <l:l i="30">&#1042;</l:l>
      <l:l i="30">&#1074;</l:l>
      <l:l i="40">&#1043;</l:l>
      <l:l i="40">&#1075;</l:l>
      <l:l i="50">&#1044;</l:l>
      <l:l i="50">&#1076;</l:l>
      <l:l i="60">&#1045;</l:l>
      <l:l i="60">&#1077;</l:l>
      <l:l i="70">&#1046;</l:l>
      <l:l i="70">&#1078;</l:l>
      <l:l i="80">&#1047;</l:l>
      <l:l i="80">&#1079;</l:l>
      <l:l i="90">&#1048;</l:l>
      <l:l i="90">&#1080;</l:l>
      <l:l i="100">&#1049;</l:l>
      <l:l i="100">&#1081;</l:l>
      <l:l i="110">&#1050;</l:l>
      <l:l i="110">&#1082;</l:l>
      <l:l i="120">&#1051;</l:l>
      <l:l i="120">&#1083;</l:l>
      <l:l i="130">&#1052;</l:l>
      <l:l i="130">&#1084;</l:l>
      <l:l i="140">&#1053;</l:l>
      <l:l i="140">&#1085;</l:l>
      <l:l i="150">&#1054;</l:l>
      <l:l i="150">&#1086;</l:l>
      <l:l i="160">&#1055;</l:l>
      <l:l i="160">&#1087;</l:l>
      <l:l i="170">&#1056;</l:l>
      <l:l i="170">&#1088;</l:l>
      <l:l i="180">&#1057;</l:l>
      <l:l i="180">&#1089;</l:l>
      <l:l i="190">&#1058;</l:l>
      <l:l i="190">&#1090;</l:l>
      <l:l i="200">&#1059;</l:l>
      <l:l i="200">&#1091;</l:l>
      <l:l i="210">&#1060;</l:l>
      <l:l i="210">&#1092;</l:l>
      <l:l i="220">&#1061;</l:l>
      <l:l i="220">&#1093;</l:l>
      <l:l i="230">&#1062;</l:l>
      <l:l i="230">&#1094;</l:l>
      <l:l i="240">&#1063;</l:l>
      <l:l i="240">&#1095;</l:l>
      <l:l i="250">&#1064;</l:l>
      <l:l i="250">&#1096;</l:l>
      <l:l i="260">&#1065;</l:l>
      <l:l i="260">&#1097;</l:l>
      <l:l i="270">&#1066;</l:l>
      <l:l i="270">&#1098;</l:l>
      <l:l i="280">&#1068;</l:l>
      <l:l i="280">&#1100;</l:l>
      <l:l i="290">&#1070;</l:l>
      <l:l i="290">&#1102;</l:l>
      <l:l i="300">&#1071;</l:l>
      <l:l i="300">&#1103;</l:l>
      <l:l i="310">&#1069;</l:l>
      <l:l i="310">&#1101;</l:l>
      <l:l i="320">&#1067;</l:l>
      <l:l i="320">&#1099;</l:l>
      <l:l i="410">A</l:l>
      <l:l i="410">a</l:l>
      <l:l i="420">B</l:l>
      <l:l i="420">b</l:l>
      <l:l i="430">C</l:l>
      <l:l i="430">c</l:l>
      <l:l i="440">D</l:l>
      <l:l i="440">d</l:l>
      <l:l i="450">E</l:l>
      <l:l i="450">e</l:l>
      <l:l i="460">F</l:l>
      <l:l i="460">f</l:l>
      <l:l i="470">G</l:l>
      <l:l i="470">g</l:l>
      <l:l i="480">H</l:l>
      <l:l i="480">h</l:l>
      <l:l i="490">I</l:l>
      <l:l i="490">i</l:l>
      <l:l i="500">J</l:l>
      <l:l i="500">j</l:l>
      <l:l i="510">K</l:l>
      <l:l i="510">k</l:l>
      <l:l i="520">L</l:l>
      <l:l i="520">l</l:l>
      <l:l i="530">M</l:l>
      <l:l i="530">m</l:l>
      <l:l i="540">N</l:l>
      <l:l i="540">n</l:l>
      <l:l i="550">O</l:l>
      <l:l i="550">o</l:l>
      <l:l i="560">P</l:l>
      <l:l i="560">p</l:l>
      <l:l i="570">Q</l:l>
      <l:l i="570">q</l:l>
      <l:l i="580">R</l:l>
      <l:l i="580">r</l:l>
      <l:l i="590">S</l:l>
      <l:l i="590">s</l:l>
      <l:l i="600">T</l:l>
      <l:l i="600">t</l:l>
      <l:l i="610">U</l:l>
      <l:l i="610">u</l:l>
      <l:l i="620">V</l:l>
      <l:l i="620">v</l:l>
      <l:l i="630">W</l:l>
      <l:l i="630">w</l:l>
      <l:l i="640">X</l:l>
      <l:l i="640">x</l:l>
      <l:l i="650">Y</l:l>
      <l:l i="650">y</l:l>
      <l:l i="660">Z</l:l>
      <l:l i="660">z</l:l>
   </l:letters>
</l:l10n>
