<?xml version="1.0" encoding="US-ASCII"?>
<l:l10n xmlns:l="http://docbook.sourceforge.net/xmlns/l10n/1.0" language="ru" english-language-name="Russian">

<!-- * This file is generated automatically. -->
<!-- * To submit changes to this file upstream (to the DocBook Project) -->
<!-- * do not submit an edited version of this file. Instead, submit an -->
<!-- * edited version of the source file at the following location: -->
<!-- * -->
<!-- *  https://svn.sourceforge.net/svnroot/docbook/trunk/gentext/locale/ru.xml -->
<!-- * -->
<!-- * E-mail the edited ru.xml source file to: -->
<!-- * -->
<!-- *  docbook-developers@lists.sourceforge.net -->

<!-- ******************************************************************** -->

<!-- This file is part of the XSL DocBook Stylesheet distribution. -->
<!-- See ../README or http://docbook.sf.net/release/xsl/current/ for -->
<!-- copyright and other information. -->

<!-- ******************************************************************** -->

   <l:gentext key="Abstract" text="&#1040;&#1085;&#1085;&#1086;&#1090;&#1072;&#1094;&#1080;&#1103;"/>
   <l:gentext key="abstract" text="&#1040;&#1085;&#1085;&#1086;&#1090;&#1072;&#1094;&#1080;&#1103;"/>
   <l:gentext key="Answer" text="&#1054;:"/>
   <l:gentext key="answer" text="&#1054;:"/>
   <l:gentext key="Appendix" text="&#1055;&#1088;&#1080;&#1083;&#1086;&#1078;&#1077;&#1085;&#1080;&#1077;"/>
   <l:gentext key="appendix" text="&#1087;&#1088;&#1080;&#1083;&#1086;&#1078;&#1077;&#1085;&#1080;&#1077;"/>
   <l:gentext key="Article" text="&#1057;&#1090;&#1072;&#1090;&#1100;&#1103;"/>
   <l:gentext key="article" text="&#1057;&#1090;&#1072;&#1090;&#1100;&#1103;"/>
   <l:gentext key="Author" text="&#1040;&#1074;&#1090;&#1086;&#1088;"/>
   <l:gentext key="Bibliography" text="&#1051;&#1080;&#1090;&#1077;&#1088;&#1072;&#1090;&#1091;&#1088;&#1072;"/>
   <l:gentext key="bibliography" text="&#1051;&#1080;&#1090;&#1077;&#1088;&#1072;&#1090;&#1091;&#1088;&#1072;"/>
   <l:gentext key="Book" text="&#1050;&#1085;&#1080;&#1075;&#1072;"/>
   <l:gentext key="book" text="&#1050;&#1085;&#1080;&#1075;&#1072;"/>
   <l:gentext key="CAUTION" text="&#1055;&#1056;&#1045;&#1044;&#1054;&#1057;&#1058;&#1045;&#1056;&#1045;&#1046;&#1045;&#1053;&#1048;&#1045;"/>
   <l:gentext key="Caution" text="&#1055;&#1088;&#1077;&#1076;&#1086;&#1089;&#1090;&#1077;&#1088;&#1077;&#1078;&#1077;&#1085;&#1080;&#1077;"/>
   <l:gentext key="caution" text="&#1055;&#1088;&#1077;&#1076;&#1086;&#1089;&#1090;&#1077;&#1088;&#1077;&#1078;&#1077;&#1085;&#1080;&#1077;"/>
   <l:gentext key="Chapter" text="&#1043;&#1083;&#1072;&#1074;&#1072;"/>
   <l:gentext key="chapter" text="&#1075;&#1083;&#1072;&#1074;&#1072;"/>
   <l:gentext key="Colophon" text="Colophon"/>
   <l:gentext key="colophon" text="Colophon"/>
   <l:gentext key="Copyright" text="Copyright"/>
   <l:gentext key="copyright" text="Copyright"/>
   <l:gentext key="Dedication" text="&#1055;&#1086;&#1089;&#1074;&#1103;&#1097;&#1077;&#1085;&#1080;&#1077;"/>
   <l:gentext key="dedication" text="&#1055;&#1086;&#1089;&#1074;&#1103;&#1097;&#1077;&#1085;&#1080;&#1077;"/>
   <l:gentext key="Edition" text="&#1056;&#1077;&#1076;&#1072;&#1082;&#1094;&#1080;&#1103;"/>
   <l:gentext key="edition" text="&#1056;&#1077;&#1076;&#1072;&#1082;&#1094;&#1080;&#1103;"/>
   <l:gentext key="Editor" text="Editor" lang="en"/>
   <l:gentext key="Equation" text="&#1060;&#1086;&#1088;&#1084;&#1091;&#1083;&#1072;"/>
   <l:gentext key="equation" text="&#1060;&#1086;&#1088;&#1084;&#1091;&#1083;&#1072;"/>
   <l:gentext key="Example" text="&#1055;&#1088;&#1080;&#1084;&#1077;&#1088;"/>
   <l:gentext key="example" text="&#1055;&#1088;&#1080;&#1084;&#1077;&#1088;"/>
   <l:gentext key="Figure" text="&#1056;&#1080;&#1089;&#1091;&#1085;&#1086;&#1082;"/>
   <l:gentext key="figure" text="&#1056;&#1080;&#1089;&#1091;&#1085;&#1086;&#1082;"/>
   <l:gentext key="Glossary" text="&#1043;&#1083;&#1086;&#1089;&#1089;&#1072;&#1088;&#1080;&#1081;"/>
   <l:gentext key="glossary" text="&#1043;&#1083;&#1086;&#1089;&#1089;&#1072;&#1088;&#1080;&#1081;"/>
   <l:gentext key="GlossSee" text="&#1057;&#1084;."/>
   <l:gentext key="glosssee" text="&#1057;&#1084;."/>
   <l:gentext key="GlossSeeAlso" text="&#1057;&#1084;. &#1090;&#1072;&#1082;&#1078;&#1077;"/>
   <l:gentext key="glossseealso" text="&#1057;&#1084;. &#1090;&#1072;&#1082;&#1078;&#1077;"/>
   <l:gentext key="IMPORTANT" text="&#1042;&#1040;&#1046;&#1053;&#1054;"/>
   <l:gentext key="important" text="&#1042;&#1072;&#1078;&#1085;&#1086;"/>
   <l:gentext key="Important" text="&#1042;&#1072;&#1078;&#1085;&#1086;"/>
   <l:gentext key="Index" text="&#1055;&#1088;&#1077;&#1076;&#1084;&#1077;&#1090;&#1085;&#1099;&#1081; &#1091;&#1082;&#1072;&#1079;&#1072;&#1090;&#1077;&#1083;&#1100;"/>
   <l:gentext key="index" text="&#1055;&#1088;&#1077;&#1076;&#1084;&#1077;&#1090;&#1085;&#1099;&#1081; &#1091;&#1082;&#1072;&#1079;&#1072;&#1090;&#1077;&#1083;&#1100;"/>
   <l:gentext key="ISBN" text="ISBN"/>
   <l:gentext key="isbn" text="ISBN"/>
   <l:gentext key="LegalNotice" text="&#1040;&#1074;&#1090;&#1086;&#1088;&#1089;&#1082;&#1080;&#1077; &#1087;&#1088;&#1072;&#1074;&#1072;"/>
   <l:gentext key="legalnotice" text="&#1040;&#1074;&#1090;&#1086;&#1088;&#1089;&#1082;&#1080;&#1077; &#1087;&#1088;&#1072;&#1074;&#1072;"/>
   <l:gentext key="MsgAud" text="Audience"/>
   <l:gentext key="msgaud" text="Audience"/>
   <l:gentext key="MsgLevel" text="Level"/>
   <l:gentext key="msglevel" text="Level"/>
   <l:gentext key="MsgOrig" text="Origin"/>
   <l:gentext key="msgorig" text="Origin"/>
   <l:gentext key="NOTE" text="&#1047;&#1040;&#1052;&#1045;&#1063;&#1040;&#1053;&#1048;&#1045;"/>
   <l:gentext key="Note" text="&#1047;&#1072;&#1084;&#1077;&#1095;&#1072;&#1085;&#1080;&#1077;"/>
   <l:gentext key="note" text="&#1047;&#1072;&#1084;&#1077;&#1095;&#1072;&#1085;&#1080;&#1077;"/>
   <l:gentext key="Part" text="&#1063;&#1072;&#1089;&#1090;&#1100;"/>
   <l:gentext key="part" text="&#1063;&#1072;&#1089;&#1090;&#1100;"/>
   <l:gentext key="Preface" text="&#1055;&#1088;&#1077;&#1076;&#1080;&#1089;&#1083;&#1086;&#1074;&#1080;&#1077;"/>
   <l:gentext key="preface" text="&#1055;&#1088;&#1077;&#1076;&#1080;&#1089;&#1083;&#1086;&#1074;&#1080;&#1077;"/>
   <l:gentext key="Procedure" text="&#1055;&#1088;&#1086;&#1094;&#1077;&#1076;&#1091;&#1088;&#1072;"/>
   <l:gentext key="procedure" text="&#1055;&#1088;&#1086;&#1094;&#1077;&#1076;&#1091;&#1088;&#1072;"/>
   <l:gentext key="ProductionSet" text="Production"/>
   <l:gentext key="PubDate" text="Publication Date" lang="en"/>
   <l:gentext key="pubdate" text="Publication date" lang="en"/>
   <l:gentext key="Published" text="&#1054;&#1087;&#1091;&#1073;&#1083;&#1080;&#1082;&#1086;&#1074;&#1072;&#1085;&#1086;"/>
   <l:gentext key="published" text="&#1054;&#1087;&#1091;&#1073;&#1083;&#1080;&#1082;&#1086;&#1074;&#1072;&#1085;&#1086;"/>
   <l:gentext key="Publisher" text="Publisher" lang="en"/>
   <l:gentext key="Qandadiv" text="&#1042; &#1080; &#1054;"/>
   <l:gentext key="qandadiv" text="&#1042; &#1080; &#1054;"/>
   <l:gentext key="QandASet" text="Frequently Asked Questions" lang="en"/>
   <l:gentext key="Question" text="&#1042;:"/>
   <l:gentext key="question" text="&#1042;:"/>
   <l:gentext key="RefEntry" text=""/>
   <l:gentext key="refentry" text=""/>
   <l:gentext key="Reference" text="&#1057;&#1089;&#1099;&#1083;&#1082;&#1072;"/>
   <l:gentext key="reference" text="&#1057;&#1089;&#1099;&#1083;&#1082;&#1072;"/>
   <l:gentext key="References" text="References" lang="en"/>
   <l:gentext key="RefName" text="&#1053;&#1072;&#1079;&#1074;&#1072;&#1085;&#1080;&#1077;"/>
   <l:gentext key="refname" text="&#1053;&#1072;&#1079;&#1074;&#1072;&#1085;&#1080;&#1077;"/>
   <l:gentext key="RefSection" text=""/>
   <l:gentext key="refsection" text=""/>
   <l:gentext key="RefSynopsisDiv" text="&#1057;&#1080;&#1085;&#1090;&#1072;&#1082;&#1089;&#1080;&#1089;"/>
   <l:gentext key="refsynopsisdiv" text="&#1057;&#1080;&#1085;&#1090;&#1072;&#1082;&#1089;&#1080;&#1089;"/>
   <l:gentext key="RevHistory" text="&#1048;&#1089;&#1090;&#1086;&#1088;&#1080;&#1103; &#1087;&#1077;&#1088;&#1077;&#1080;&#1079;&#1076;&#1072;&#1085;&#1080;&#1103;"/>
   <l:gentext key="revhistory" text="&#1048;&#1089;&#1090;&#1086;&#1088;&#1080;&#1103; &#1087;&#1077;&#1088;&#1077;&#1080;&#1079;&#1076;&#1072;&#1085;&#1080;&#1103;"/>
   <l:gentext key="revision" text="&#1048;&#1079;&#1076;&#1072;&#1085;&#1080;&#1077;"/>
   <l:gentext key="Revision" text="&#1048;&#1079;&#1076;&#1072;&#1085;&#1080;&#1077;"/>
   <l:gentext key="sect1" text="&#1056;&#1072;&#1079;&#1076;&#1077;&#1083;"/>
   <l:gentext key="sect2" text="&#1056;&#1072;&#1079;&#1076;&#1077;&#1083;"/>
   <l:gentext key="sect3" text="&#1056;&#1072;&#1079;&#1076;&#1077;&#1083;"/>
   <l:gentext key="sect4" text="&#1056;&#1072;&#1079;&#1076;&#1077;&#1083;"/>
   <l:gentext key="sect5" text="&#1056;&#1072;&#1079;&#1076;&#1077;&#1083;"/>
   <l:gentext key="section" text="&#1088;&#1072;&#1079;&#1076;&#1077;&#1083;"/>
   <l:gentext key="Section" text="&#1056;&#1072;&#1079;&#1076;&#1077;&#1083;"/>
   <l:gentext key="see" text="&#1057;&#1084;."/>
   <l:gentext key="See" text="&#1057;&#1084;."/>
   <l:gentext key="seealso" text="&#1057;&#1084;. &#1090;&#1072;&#1082;&#1078;&#1077;"/>
   <l:gentext key="Seealso" text="&#1057;&#1084;. &#1090;&#1072;&#1082;&#1078;&#1077;"/>
   <l:gentext key="SeeAlso" text="&#1057;&#1084;. &#1090;&#1072;&#1082;&#1078;&#1077;"/>
   <l:gentext key="set" text="&#1055;&#1086;&#1076;&#1073;&#1086;&#1088;&#1082;&#1072;"/>
   <l:gentext key="Set" text="&#1055;&#1086;&#1076;&#1073;&#1086;&#1088;&#1082;&#1072;"/>
   <l:gentext key="setindex" text="&#1048;&#1085;&#1076;&#1077;&#1082;&#1089; &#1087;&#1086;&#1076;&#1073;&#1086;&#1088;&#1082;&#1080;"/>
   <l:gentext key="SetIndex" text="&#1048;&#1085;&#1076;&#1077;&#1082;&#1089; &#1087;&#1086;&#1076;&#1073;&#1086;&#1088;&#1082;&#1080;"/>
   <l:gentext key="Sidebar" text="&#1042;&#1099;&#1076;&#1077;&#1083;&#1077;&#1085;&#1080;&#1077;"/>
   <l:gentext key="sidebar" text="&#1074;&#1099;&#1076;&#1077;&#1083;&#1077;&#1085;&#1080;&#1077;"/>
   <l:gentext key="step" text="&#1096;&#1072;&#1075;"/>
   <l:gentext key="Step" text="&#1064;&#1072;&#1075;"/>
   <l:gentext key="table" text="&#1058;&#1072;&#1073;&#1083;&#1080;&#1094;&#1072;"/>
   <l:gentext key="Table" text="&#1058;&#1072;&#1073;&#1083;&#1080;&#1094;&#1072;"/>
   <l:gentext key="task" text="Task" lang="en"/>
   <l:gentext key="Task" text="Task" lang="en"/>
   <l:gentext key="tip" text="&#1055;&#1086;&#1076;&#1089;&#1082;&#1072;&#1079;&#1082;&#1072;"/>
   <l:gentext key="TIP" text="&#1055;&#1054;&#1044;&#1057;&#1050;&#1040;&#1047;&#1050;&#1040;"/>
   <l:gentext key="Tip" text="&#1055;&#1086;&#1076;&#1089;&#1082;&#1072;&#1079;&#1082;&#1072;"/>
   <l:gentext key="Warning" text="&#1042;&#1085;&#1080;&#1084;&#1072;&#1085;&#1080;&#1077;"/>
   <l:gentext key="warning" text="&#1042;&#1085;&#1080;&#1084;&#1072;&#1085;&#1080;&#1077;"/>
   <l:gentext key="WARNING" text="&#1042;&#1053;&#1048;&#1052;&#1040;&#1053;&#1048;&#1045;"/>
   <l:gentext key="and" text="and"/>
   <l:gentext key="by" text="by"/>
   <l:gentext key="Edited" text="&#1055;&#1086;&#1076; &#1088;&#1077;&#1076;&#1072;&#1082;&#1094;&#1080;&#1077;&#1081;"/>
   <l:gentext key="edited" text="&#1055;&#1086;&#1076; &#1088;&#1077;&#1076;&#1072;&#1082;&#1094;&#1080;&#1077;&#1081;"/>
   <l:gentext key="Editedby" text="&#1055;&#1086;&#1076; &#1088;&#1077;&#1076;&#1072;&#1082;&#1094;&#1080;&#1077;&#1081;"/>
   <l:gentext key="editedby" text="&#1055;&#1086;&#1076; &#1088;&#1077;&#1076;&#1072;&#1082;&#1094;&#1080;&#1077;&#1081;"/>
   <l:gentext key="in" text="&#1074;"/>
   <l:gentext key="lastlistcomma" text=","/>
   <l:gentext key="listcomma" text=","/>
   <l:gentext key="nonexistantelement" text="non-existant element"/>
   <l:gentext key="notes" text="&#1055;&#1088;&#1080;&#1084;&#1077;&#1095;&#1072;&#1085;&#1080;&#1103;"/>
   <l:gentext key="Notes" text="&#1055;&#1088;&#1080;&#1084;&#1077;&#1095;&#1072;&#1085;&#1080;&#1103;"/>
   <l:gentext key="Pgs" text="&#1057;&#1090;&#1088;."/>
   <l:gentext key="pgs" text="&#1057;&#1090;&#1088;."/>
   <l:gentext key="Revisedby" text="Revised by: "/>
   <l:gentext key="revisedby" text="Revised by: "/>
   <l:gentext key="TableNotes" text="&#1055;&#1088;&#1080;&#1084;&#1077;&#1095;&#1072;&#1085;&#1080;&#1103;"/>
   <l:gentext key="tablenotes" text="&#1055;&#1088;&#1080;&#1084;&#1077;&#1095;&#1072;&#1085;&#1080;&#1103;"/>
   <l:gentext key="TableofContents" text="&#1057;&#1086;&#1076;&#1077;&#1088;&#1078;&#1072;&#1085;&#1080;&#1077;"/>
   <l:gentext key="tableofcontents" text="&#1057;&#1086;&#1076;&#1077;&#1088;&#1078;&#1072;&#1085;&#1080;&#1077;"/>
   <l:gentext key="unexpectedelementname" text="unexpected element name"/>
   <l:gentext key="unsupported" text="unsupported"/>
   <l:gentext key="xrefto" text="xref to"/>
   <l:gentext key="Authors" text="Authors" lang="en"/>
   <l:gentext key="copyeditor" text="Copy Editor" lang="en"/>
   <l:gentext key="graphicdesigner" text="Graphic Designer" lang="en"/>
   <l:gentext key="productioneditor" text="Production Editor" lang="en"/>
   <l:gentext key="technicaleditor" text="Technical Editor" lang="en"/>
   <l:gentext key="translator" text="Translator" lang="en"/>
   <l:gentext key="listofequations" text="&#1057;&#1087;&#1080;&#1089;&#1086;&#1082; &#1092;&#1086;&#1088;&#1084;&#1091;&#1083;"/>
   <l:gentext key="ListofEquations" text="&#1057;&#1087;&#1080;&#1089;&#1086;&#1082; &#1092;&#1086;&#1088;&#1084;&#1091;&#1083;"/>
   <l:gentext key="ListofExamples" text="&#1057;&#1087;&#1080;&#1089;&#1086;&#1082; &#1087;&#1088;&#1080;&#1084;&#1077;&#1088;&#1086;&#1074;"/>
   <l:gentext key="listofexamples" text="&#1057;&#1087;&#1080;&#1089;&#1086;&#1082; &#1087;&#1088;&#1080;&#1084;&#1077;&#1088;&#1086;&#1074;"/>
   <l:gentext key="ListofFigures" text="&#1057;&#1087;&#1080;&#1089;&#1086;&#1082; &#1080;&#1083;&#1083;&#1102;&#1089;&#1090;&#1088;&#1072;&#1094;&#1080;&#1081;"/>
   <l:gentext key="listoffigures" text="&#1057;&#1087;&#1080;&#1089;&#1086;&#1082; &#1080;&#1083;&#1083;&#1102;&#1089;&#1090;&#1088;&#1072;&#1094;&#1080;&#1081;"/>
   <l:gentext key="ListofProcedures" text="List of Procedures" lang="en"/>
   <l:gentext key="listofprocedures" text="List of Procedures" lang="en"/>
   <l:gentext key="listoftables" text="&#1057;&#1087;&#1080;&#1089;&#1086;&#1082; &#1090;&#1072;&#1073;&#1083;&#1080;&#1094;"/>
   <l:gentext key="ListofTables" text="&#1057;&#1087;&#1080;&#1089;&#1086;&#1082; &#1090;&#1072;&#1073;&#1083;&#1080;&#1094;"/>
   <l:gentext key="ListofUnknown" text="&#1053;&#1077;&#1086;&#1087;&#1088;&#1077;&#1076;&#1077;&#1083;&#1077;&#1085;&#1085;&#1099;&#1081; &#1089;&#1087;&#1080;&#1089;&#1086;&#1082;"/>
   <l:gentext key="listofunknown" text="&#1053;&#1077;&#1086;&#1087;&#1088;&#1077;&#1076;&#1077;&#1083;&#1077;&#1085;&#1085;&#1099;&#1081; &#1089;&#1087;&#1080;&#1089;&#1086;&#1082;"/>
   <l:gentext key="nav-home" text="&#1053;&#1072;&#1095;&#1072;&#1083;&#1086;"/>
   <l:gentext key="nav-next" text="&#1057;&#1083;&#1077;&#1076;."/>
   <l:gentext key="nav-next-sibling" text="&#1057;&#1083;&#1077;&#1076;. &#1087;&#1086;&#1076;&#1088;&#1072;&#1079;&#1076;&#1077;&#1083;"/>
   <l:gentext key="nav-prev" text="&#1055;&#1088;&#1077;&#1076;."/>
   <l:gentext key="nav-prev-sibling" text="&#1055;&#1088;&#1077;&#1076;. &#1087;&#1086;&#1076;&#1088;&#1072;&#1079;&#1076;&#1077;&#1083;"/>
   <l:gentext key="nav-up" text="&#1059;&#1088;&#1086;&#1074;&#1077;&#1085;&#1100; &#1074;&#1099;&#1096;&#1077;"/>
   <l:gentext key="nav-toc" text="ToC" lang="en"/>
   <l:gentext key="Draft" text="&#1063;&#1077;&#1088;&#1085;&#1086;&#1074;&#1080;&#1082;"/>
   <l:gentext key="above" text="&#1074;&#1099;&#1096;&#1077;"/>
   <l:gentext key="below" text="&#1085;&#1080;&#1078;&#1077;"/>
   <l:gentext key="sectioncalled" text="the section called"/>
   <l:gentext key="index symbols" text="Symbols"/>
   <l:gentext key="lowercase.alpha" text="&#1072;&#1073;&#1074;&#1075;&#1076;&#1077;&#1105;&#1078;&#1079;&#1080;&#1081;&#1082;&#1083;&#1084;&#1085;&#1086;&#1087;&#1088;&#1089;&#1090;&#1091;&#1092;&#1093;&#1094;&#1095;&#1096;&#1097;&#1098;&#1099;&#1100;&#1101;&#1102;&#1103;"/>
   <l:gentext key="uppercase.alpha" text="&#1040;&#1041;&#1042;&#1043;&#1044;&#1045;&#1025;&#1046;&#1047;&#1048;&#1049;&#1050;&#1051;&#1052;&#1053;&#1054;&#1055;&#1056;&#1057;&#1058;&#1059;&#1060;&#1061;&#1062;&#1063;&#1064;&#1065;&#1066;&#1067;&#1068;&#1069;&#1070;&#1071;"/>
   <l:dingbat key="startquote" text="&#171;"/>
   <l:dingbat key="endquote" text="&#187;"/>
   <l:dingbat key="nestedstartquote" text="&#8222;"/>
   <l:dingbat key="nestedendquote" text="&#8220;"/>
   <l:dingbat key="singlestartquote" text="&#8216;" lang="en"/>
   <l:dingbat key="singleendquote" text="&#8217;" lang="en"/>
   <l:dingbat key="bullet" text="&#8226;"/>
   <l:gentext key="hyphenation-character" text="-" lang="en"/>
   <l:gentext key="hyphenation-push-character-count" text="2" lang="en"/>
   <l:gentext key="hyphenation-remain-character-count" text="2" lang="en"/>

   <l:context name="styles">
      <l:template name="person-name" text="first-last"/>
   </l:context>

   <l:context name="title">
      <l:template name="abstract" text="%t"/>
      <l:template name="answer" text="%t"/>
      <l:template name="appendix" text="&#1055;&#1088;&#1080;&#1083;&#1086;&#1078;&#1077;&#1085;&#1080;&#1077; %n. %t"/>
      <l:template name="article" text="%t"/>
      <l:template name="authorblurb" text="%t"/>
      <l:template name="bibliodiv" text="%t"/>
      <l:template name="biblioentry" text="%t"/>
      <l:template name="bibliography" text="%t"/>
      <l:template name="bibliolist" text="%t" lang="en"/>
      <l:template name="bibliomixed" text="%t"/>
      <l:template name="bibliomset" text="%t"/>
      <l:template name="biblioset" text="%t"/>
      <l:template name="blockquote" text="%t"/>
      <l:template name="book" text="%t"/>
      <l:template name="calloutlist" text="%t"/>
      <l:template name="caution" text="%t"/>
      <l:template name="chapter" text="&#1043;&#1083;&#1072;&#1074;&#1072; %n. %t"/>
      <l:template name="colophon" text="%t"/>
      <l:template name="dedication" text="%t"/>
      <l:template name="equation" text="&#1060;&#1086;&#1088;&#1084;&#1091;&#1083;&#1072; %n. %t"/>
      <l:template name="example" text="&#1055;&#1088;&#1080;&#1084;&#1077;&#1088; %n. %t"/>
      <l:template name="figure" text="&#1056;&#1080;&#1089;&#1091;&#1085;&#1086;&#1082; %n. %t"/>
      <l:template name="foil" text="%t" lang="en"/>
      <l:template name="foilgroup" text="%t" lang="en"/>
      <l:template name="formalpara" text="%t"/>
      <l:template name="glossary" text="%t"/>
      <l:template name="glossdiv" text="%t"/>
      <l:template name="glosslist" text="%t" lang="en"/>
      <l:template name="glossentry" text="%t" lang="en"/>
      <l:template name="important" text="%t"/>
      <l:template name="index" text="%t"/>
      <l:template name="indexdiv" text="%t"/>
      <l:template name="itemizedlist" text="%t"/>
      <l:template name="legalnotice" text="%t"/>
      <l:template name="listitem" text=""/>
      <l:template name="lot" text="%t"/>
      <l:template name="msg" text="%t"/>
      <l:template name="msgexplan" text="%t"/>
      <l:template name="msgmain" text="%t"/>
      <l:template name="msgrel" text="%t"/>
      <l:template name="msgset" text="%t"/>
      <l:template name="msgsub" text="%t"/>
      <l:template name="note" text="%t"/>
      <l:template name="orderedlist" text="%t"/>
      <l:template name="part" text="&#1063;&#1072;&#1089;&#1090;&#1100; %n. %t"/>
      <l:template name="partintro" text="%t"/>
      <l:template name="preface" text="%t"/>
      <l:template name="procedure" text="%t"/>
      <l:template name="procedure.formal" text="&#1055;&#1088;&#1086;&#1094;&#1077;&#1076;&#1091;&#1088;&#1072;&#160;%n.&#160;%t"/>
      <l:template name="productionset" text="%t"/>
      <l:template name="productionset.formal" text="Production&#160;%n"/>
      <l:template name="qandadiv" text="%t"/>
      <l:template name="qandaentry" text="%t"/>
      <l:template name="qandaset" text="%t"/>
      <l:template name="question" text="%t"/>
      <l:template name="refentry" text="%t"/>
      <l:template name="reference" text="%t"/>
      <l:template name="refsection" text="%t"/>
      <l:template name="refsect1" text="%t"/>
      <l:template name="refsect2" text="%t"/>
      <l:template name="refsect3" text="%t"/>
      <l:template name="refsynopsisdiv" text="%t"/>
      <l:template name="refsynopsisdivinfo" text="%t"/>
      <l:template name="segmentedlist" text="%t"/>
      <l:template name="set" text="%t"/>
      <l:template name="setindex" text="%t"/>
      <l:template name="sidebar" text="%t"/>
      <l:template name="step" text="%t"/>
      <l:template name="table" text="&#1058;&#1072;&#1073;&#1083;&#1080;&#1094;&#1072; %n. %t"/>
      <l:template name="task" text="%t" lang="en"/>
      <l:template name="tasksummary" text="%t" lang="en"/>
      <l:template name="taskprerequisites" text="%t" lang="en"/>
      <l:template name="taskrelated" text="%t" lang="en"/>
      <l:template name="tip" text="%t"/>
      <l:template name="toc" text="%t"/>
      <l:template name="variablelist" text="%t"/>
      <l:template name="varlistentry" text="" lang="en"/>
      <l:template name="warning" text="%t"/>
   </l:context>

   <l:context name="title-unnumbered">
      <l:template name="appendix" text="%t"/>
      <l:template name="article/appendix" text="%t" lang="en"/>
      <l:template name="bridgehead" text="%t"/>
      <l:template name="chapter" text="%t"/>
      <l:template name="sect1" text="%t"/>
      <l:template name="sect2" text="%t"/>
      <l:template name="sect3" text="%t"/>
      <l:template name="sect4" text="%t"/>
      <l:template name="sect5" text="%t"/>
      <l:template name="section" text="%t"/>
      <l:template name="simplesect" text="%t"/>
      <l:template name="part" text="%t" lang="en"/>
   </l:context>

   <l:context name="title-numbered">
      <l:template name="appendix" text="&#1055;&#1088;&#1080;&#1083;&#1086;&#1078;&#1077;&#1085;&#1080;&#1077; %n. %t"/>
      <l:template name="article/appendix" text="%n.&#160;%t" lang="en"/>
      <l:template name="bridgehead" text="%t"/>
      <l:template name="chapter" text="&#1043;&#1083;&#1072;&#1074;&#1072; %n. %t"/>
      <l:template name="sect1" text="%n. %t"/>
      <l:template name="sect2" text="%n. %t"/>
      <l:template name="sect3" text="%n. %t"/>
      <l:template name="sect4" text="%n. %t"/>
      <l:template name="sect5" text="%n. %t"/>
      <l:template name="section" text="%n. %t"/>
      <l:template name="simplesect" text="%n. %t"/>
      <l:template name="part" text="&#1063;&#1072;&#1089;&#1090;&#1100;&#160;%n.&#160;%t" lang="en"/>
   </l:context>

   <l:context name="subtitle">
      <l:template name="appendix" text="%s"/>
      <l:template name="article" text="%s"/>
      <l:template name="bibliodiv" text="%s"/>
      <l:template name="biblioentry" text="%s"/>
      <l:template name="bibliography" text="%s"/>
      <l:template name="bibliomixed" text="%s"/>
      <l:template name="bibliomset" text="%s"/>
      <l:template name="biblioset" text="%s"/>
      <l:template name="book" text="%s"/>
      <l:template name="chapter" text="%s"/>
      <l:template name="colophon" text="%s"/>
      <l:template name="dedication" text="%s"/>
      <l:template name="glossary" text="%s"/>
      <l:template name="glossdiv" text="%s"/>
      <l:template name="index" text="%s"/>
      <l:template name="indexdiv" text="%s"/>
      <l:template name="lot" text="%s"/>
      <l:template name="part" text="%s"/>
      <l:template name="partintro" text="%s"/>
      <l:template name="preface" text="%s"/>
      <l:template name="refentry" text="%s"/>
      <l:template name="reference" text="%s"/>
      <l:template name="refsection" text="%s"/>
      <l:template name="refsect1" text="%s"/>
      <l:template name="refsect2" text="%s"/>
      <l:template name="refsect3" text="%s"/>
      <l:template name="refsynopsisdiv" text="%s"/>
      <l:template name="sect1" text="%s"/>
      <l:template name="sect2" text="%s"/>
      <l:template name="sect3" text="%s"/>
      <l:template name="sect4" text="%s"/>
      <l:template name="sect5" text="%s"/>
      <l:template name="section" text="%s"/>
      <l:template name="set" text="%s"/>
      <l:template name="setindex" text="%s"/>
      <l:template name="sidebar" text="%s"/>
      <l:template name="simplesect" text="%s"/>
      <l:template name="toc" text="%s"/>
   </l:context>

   <l:context name="xref">
      <l:template name="abstract" text="%t"/>
      <l:template name="answer" text="&#1054;:&#160;%n"/>
      <l:template name="appendix" text="%t"/>
      <l:template name="article" text="%t"/>
      <l:template name="authorblurb" text="%t"/>
      <l:template name="bibliodiv" text="%t"/>
      <l:template name="bibliography" text="%t"/>
      <l:template name="bibliomset" text="%t"/>
      <l:template name="biblioset" text="%t"/>
      <l:template name="blockquote" text="%t"/>
      <l:template name="book" text="%t"/>
      <l:template name="calloutlist" text="%t"/>
      <l:template name="caution" text="%t"/>
      <l:template name="chapter" text="%t"/>
      <l:template name="colophon" text="%t"/>
      <l:template name="constraintdef" text="%t"/>
      <l:template name="dedication" text="%t"/>
      <l:template name="equation" text="%t"/>
      <l:template name="example" text="%t"/>
      <l:template name="figure" text="%t"/>
      <l:template name="foil" text="%t" lang="en"/>
      <l:template name="foilgroup" text="%t" lang="en"/>
      <l:template name="formalpara" text="%t"/>
      <l:template name="glossary" text="%t"/>
      <l:template name="glossdiv" text="%t"/>
      <l:template name="important" text="%t"/>
      <l:template name="index" text="%t"/>
      <l:template name="indexdiv" text="%t"/>
      <l:template name="itemizedlist" text="%t"/>
      <l:template name="legalnotice" text="%t"/>
      <l:template name="listitem" text="%n"/>
      <l:template name="lot" text="%t"/>
      <l:template name="msg" text="%t"/>
      <l:template name="msgexplan" text="%t"/>
      <l:template name="msgmain" text="%t"/>
      <l:template name="msgrel" text="%t"/>
      <l:template name="msgset" text="%t"/>
      <l:template name="msgsub" text="%t"/>
      <l:template name="note" text="%t"/>
      <l:template name="orderedlist" text="%t"/>
      <l:template name="part" text="%t"/>
      <l:template name="partintro" text="%t"/>
      <l:template name="preface" text="%t"/>
      <l:template name="procedure" text="%t"/>
      <l:template name="productionset" text="%t"/>
      <l:template name="qandadiv" text="%t"/>
      <l:template name="qandaentry" text="&#1042;:&#160;%n"/>
      <l:template name="qandaset" text="%t"/>
      <l:template name="question" text="&#1042;:&#160;%n"/>
      <l:template name="reference" text="%t"/>
      <l:template name="refsynopsisdiv" text="%t"/>
      <l:template name="segmentedlist" text="%t"/>
      <l:template name="set" text="%t"/>
      <l:template name="setindex" text="%t"/>
      <l:template name="sidebar" text="%t"/>
      <l:template name="table" text="%t"/>
      <l:template name="task" text="%t" lang="en"/>
      <l:template name="tip" text="%t"/>
      <l:template name="toc" text="%t"/>
      <l:template name="variablelist" text="%t"/>
      <l:template name="varlistentry" text="%n"/>
      <l:template name="warning" text="%t"/>
      <l:template name="olink.document.citation" text=" in %o" lang="en"/>
      <l:template name="olink.page.citation" text=" (page %p)" lang="en"/>
      <l:template name="page.citation" text=" [%p]"/>
      <l:template name="page" text="(page %p)" lang="en"/>
      <l:template name="docname" text=" in %o" lang="en"/>
      <l:template name="docnamelong" text=" in the document titled %o" lang="en"/>
      <l:template name="pageabbrev" text="(p. %p)" lang="en"/>
      <l:template name="Page" text="Page %p" lang="en"/>
      <l:template name="bridgehead" text="&#171;%t&#187;"/>
      <l:template name="refsection" text="&#171;%t&#187;"/>
      <l:template name="refsect1" text="&#171;%t&#187;"/>
      <l:template name="refsect2" text="&#171;%t&#187;"/>
      <l:template name="refsect3" text="&#171;%t&#187;"/>
      <l:template name="sect1" text="&#171;%t&#187;"/>
      <l:template name="sect2" text="&#171;%t&#187;"/>
      <l:template name="sect3" text="&#171;%t&#187;"/>
      <l:template name="sect4" text="&#171;%t&#187;"/>
      <l:template name="sect5" text="&#171;%t&#187;"/>
      <l:template name="section" text="&#171;%t&#187;"/>
      <l:template name="simplesect" text="&#171;%t&#187;"/>
   </l:context>

   <l:context name="xref-number">
      <l:template name="answer" text="&#1054;:&#160;%n"/>
      <l:template name="appendix" text="&#1055;&#1088;&#1080;&#1083;&#1086;&#1078;&#1077;&#1085;&#1080;&#1077;&#160;%n"/>
      <l:template name="bridgehead" text="&#1056;&#1072;&#1079;&#1076;&#1077;&#1083;&#160;%n"/>
      <l:template name="chapter" text="&#1043;&#1083;&#1072;&#1074;&#1072;&#160;%n"/>
      <l:template name="equation" text="&#1060;&#1086;&#1088;&#1084;&#1091;&#1083;&#1072;&#160;%n"/>
      <l:template name="example" text="&#1055;&#1088;&#1080;&#1084;&#1077;&#1088;&#160;%n"/>
      <l:template name="figure" text="&#1056;&#1080;&#1089;&#1091;&#1085;&#1086;&#1082;&#160;%n"/>
      <l:template name="part" text="&#1063;&#1072;&#1089;&#1090;&#1100;&#160;%n"/>
      <l:template name="procedure" text="&#1055;&#1088;&#1086;&#1094;&#1077;&#1076;&#1091;&#1088;&#1072;&#160;%n"/>
      <l:template name="productionset" text="Production&#160;%n"/>
      <l:template name="qandadiv" text="&#1042; &#1080; &#1054;&#160;%n"/>
      <l:template name="qandaentry" text="&#1042;:&#160;%n"/>
      <l:template name="question" text="&#1042;:&#160;%n"/>
      <l:template name="sect1" text="&#1056;&#1072;&#1079;&#1076;&#1077;&#1083;&#160;%n"/>
      <l:template name="sect2" text="&#1056;&#1072;&#1079;&#1076;&#1077;&#1083;&#160;%n"/>
      <l:template name="sect3" text="&#1056;&#1072;&#1079;&#1076;&#1077;&#1083;&#160;%n"/>
      <l:template name="sect4" text="&#1056;&#1072;&#1079;&#1076;&#1077;&#1083;&#160;%n"/>
      <l:template name="sect5" text="&#1056;&#1072;&#1079;&#1076;&#1077;&#1083;&#160;%n"/>
      <l:template name="section" text="&#1056;&#1072;&#1079;&#1076;&#1077;&#1083;&#160;%n"/>
      <l:template name="table" text="&#1058;&#1072;&#1073;&#1083;&#1080;&#1094;&#1072;&#160;%n"/>
   </l:context>

   <l:context name="xref-number-and-title">
      <l:template name="appendix" text="&#1055;&#1088;&#1080;&#1083;&#1086;&#1078;&#1077;&#1085;&#1080;&#1077;&#160;%n, %t"/>
      <l:template name="bridgehead" text="&#1056;&#1072;&#1079;&#1076;&#1077;&#1083;&#160;%n, &#171;%t&#187;"/>
      <l:template name="chapter" text="&#1043;&#1083;&#1072;&#1074;&#1072;&#160;%n, %t"/>
      <l:template name="equation" text="&#1060;&#1086;&#1088;&#1084;&#1091;&#1083;&#1072;&#160;%n, &#171;%t&#187;"/>
      <l:template name="example" text="&#1055;&#1088;&#1080;&#1084;&#1077;&#1088;&#160;%n, &#171;%t&#187;"/>
      <l:template name="figure" text="&#1056;&#1080;&#1089;&#1091;&#1085;&#1086;&#1082;&#160;%n, &#171;%t&#187;"/>
      <l:template name="part" text="&#1063;&#1072;&#1089;&#1090;&#1100;&#160;%n, &#171;%t&#187;"/>
      <l:template name="procedure" text="&#1055;&#1088;&#1086;&#1094;&#1077;&#1076;&#1091;&#1088;&#1072;&#160;%n, &#171;%t&#187;"/>
      <l:template name="productionset" text="Production&#160;%n, &#171;%t&#187;"/>
      <l:template name="qandadiv" text="&#1042; &#1080; &#1054;&#160;%n, &#171;%t&#187;"/>
      <l:template name="refsect1" text="the section called &#171;%t&#187;"/>
      <l:template name="refsect2" text="the section called &#171;%t&#187;"/>
      <l:template name="refsect3" text="the section called &#171;%t&#187;"/>
      <l:template name="refsection" text="the section called &#171;%t&#187;"/>
      <l:template name="sect1" text="&#1056;&#1072;&#1079;&#1076;&#1077;&#1083;&#160;%n, &#171;%t&#187;"/>
      <l:template name="sect2" text="&#1056;&#1072;&#1079;&#1076;&#1077;&#1083;&#160;%n, &#171;%t&#187;"/>
      <l:template name="sect3" text="&#1056;&#1072;&#1079;&#1076;&#1077;&#1083;&#160;%n, &#171;%t&#187;"/>
      <l:template name="sect4" text="&#1056;&#1072;&#1079;&#1076;&#1077;&#1083;&#160;%n, &#171;%t&#187;"/>
      <l:template name="sect5" text="&#1056;&#1072;&#1079;&#1076;&#1077;&#1083;&#160;%n, &#171;%t&#187;"/>
      <l:template name="section" text="&#1056;&#1072;&#1079;&#1076;&#1077;&#1083;&#160;%n, &#171;%t&#187;"/>
      <l:template name="simplesect" text="the section called &#171;%t&#187;"/>
      <l:template name="table" text="&#1058;&#1072;&#1073;&#1083;&#1080;&#1094;&#1072;&#160;%n, &#171;%t&#187;"/>
   </l:context>

   <l:context name="authorgroup">
      <l:template name="sep" text=", "/>
      <l:template name="sep2" text="  "/>
      <l:template name="seplast" text=",  "/>
   </l:context>

   <l:context name="glossary">
      <l:template name="see" text="&#1057;&#1084;. %t"/>
      <l:template name="seealso" text="&#1057;&#1084;. &#1090;&#1072;&#1082;&#1078;&#1077; %t"/>
   </l:context>

   <l:context name="msgset">
      <l:template name="MsgAud" text="Audience: "/>
      <l:template name="MsgLevel" text="Level: "/>
      <l:template name="MsgOrig" text="Origin: "/>
   </l:context>

   <l:context name="datetime">
      <l:template name="format" text="m/d/Y"/>
   </l:context>

   <l:context name="termdef">
      <l:template name="prefix" text="[Definition: " lang="en"/>
      <l:template name="suffix" text="]" lang="en"/>
   </l:context>

   <l:context name="datetime-full">
      <l:template name="January" text="&#1103;&#1085;&#1074;&#1072;&#1088;&#1103;"/>
      <l:template name="February" text="&#1092;&#1077;&#1074;&#1088;&#1072;&#1083;&#1103;"/>
      <l:template name="March" text="&#1084;&#1072;&#1088;&#1090;&#1072;"/>
      <l:template name="April" text="&#1072;&#1087;&#1088;&#1077;&#1083;&#1103;"/>
      <l:template name="May" text="&#1084;&#1072;&#1103;"/>
      <l:template name="June" text="&#1080;&#1102;&#1085;&#1103;"/>
      <l:template name="July" text="&#1080;&#1102;&#1083;&#1103;"/>
      <l:template name="August" text="&#1072;&#1074;&#1075;&#1091;&#1089;&#1090;&#1072;"/>
      <l:template name="September" text="&#1089;&#1077;&#1085;&#1090;&#1103;&#1073;&#1088;&#1103;"/>
      <l:template name="October" text="&#1086;&#1082;&#1090;&#1103;&#1073;&#1088;&#1103;"/>
      <l:template name="November" text="&#1085;&#1086;&#1103;&#1073;&#1088;&#1103;"/>
      <l:template name="December" text="&#1076;&#1077;&#1082;&#1072;&#1073;&#1088;&#1103;"/>
      <l:template name="Monday" text="&#1087;&#1086;&#1085;&#1077;&#1076;&#1077;&#1083;&#1100;&#1085;&#1080;&#1082;"/>
      <l:template name="Tuesday" text="&#1074;&#1090;&#1086;&#1088;&#1085;&#1080;&#1082;"/>
      <l:template name="Wednesday" text="&#1089;&#1088;&#1077;&#1076;&#1072;"/>
      <l:template name="Thursday" text="&#1095;&#1077;&#1090;&#1074;&#1101;&#1088;&#1075;"/>
      <l:template name="Friday" text="&#1087;&#1103;&#1090;&#1085;&#1080;&#1094;&#1072;"/>
      <l:template name="Saturday" text="&#1089;&#1091;&#1073;&#1073;&#1086;&#1090;&#1072;"/>
      <l:template name="Sunday" text="&#1074;&#1086;&#1089;&#1082;&#1088;&#1077;&#1089;&#1077;&#1085;&#1100;&#1077;"/>
   </l:context>

   <l:context name="datetime-abbrev">
      <l:template name="Jan" text="&#1071;&#1085;&#1074;"/>
      <l:template name="Feb" text="&#1060;&#1077;&#1074;"/>
      <l:template name="Mar" text="&#1052;&#1072;&#1088;"/>
      <l:template name="Apr" text="&#1040;&#1087;&#1088;"/>
      <l:template name="May" text="&#1052;&#1072;&#1081;"/>
      <l:template name="Jun" text="&#1048;&#1102;&#1085;"/>
      <l:template name="Jul" text="&#1048;&#1102;&#1083;"/>
      <l:template name="Aug" text="&#1040;&#1074;&#1075;"/>
      <l:template name="Sep" text="&#1057;&#1077;&#1085;"/>
      <l:template name="Oct" text="&#1054;&#1082;&#1090;"/>
      <l:template name="Nov" text="&#1053;&#1086;&#1103;"/>
      <l:template name="Dec" text="&#1044;&#1077;&#1082;"/>
      <l:template name="Mon" text="&#1055;&#1085;&#1076;"/>
      <l:template name="Tue" text="&#1042;&#1090;&#1088;"/>
      <l:template name="Wed" text="&#1057;&#1088;&#1076;"/>
      <l:template name="Thu" text="&#1063;&#1090;&#1074;"/>
      <l:template name="Fri" text="&#1055;&#1090;&#1085;"/>
      <l:template name="Sat" text="&#1057;&#1073;&#1090;"/>
      <l:template name="Sun" text="&#1042;&#1089;&#1082;"/>
   </l:context>

   <l:context name="htmlhelp">
      <l:template name="langcode" text="0x0419 Russian"/>
   </l:context>

   <l:context name="index">
      <l:template name="term-separator" text=", " lang="en"/>
      <l:template name="number-separator" text=", " lang="en"/>
      <l:template name="range-separator" text="-" lang="en"/>
   </l:context>

   <l:letters>
      <l:l i="-1"/>
      <l:l i="0"/>
      <l:l i="10">A</l:l>
      <l:l i="10">a</l:l>
      <l:l i="20">B</l:l>
      <l:l i="20">b</l:l>
      <l:l i="30">C</l:l>
      <l:l i="30">c</l:l>
      <l:l i="40">D</l:l>
      <l:l i="40">d</l:l>
      <l:l i="50">E</l:l>
      <l:l i="50">e</l:l>
      <l:l i="60">F</l:l>
      <l:l i="60">f</l:l>
      <l:l i="70">G</l:l>
      <l:l i="70">g</l:l>
      <l:l i="80">H</l:l>
      <l:l i="80">h</l:l>
      <l:l i="90">I</l:l>
      <l:l i="90">i</l:l>
      <l:l i="100">J</l:l>
      <l:l i="100">j</l:l>
      <l:l i="110">K</l:l>
      <l:l i="110">k</l:l>
      <l:l i="120">L</l:l>
      <l:l i="120">l</l:l>
      <l:l i="130">M</l:l>
      <l:l i="130">m</l:l>
      <l:l i="140">N</l:l>
      <l:l i="140">n</l:l>
      <l:l i="150">O</l:l>
      <l:l i="150">o</l:l>
      <l:l i="160">P</l:l>
      <l:l i="160">p</l:l>
      <l:l i="170">Q</l:l>
      <l:l i="170">q</l:l>
      <l:l i="180">R</l:l>
      <l:l i="180">r</l:l>
      <l:l i="190">S</l:l>
      <l:l i="190">s</l:l>
      <l:l i="200">T</l:l>
      <l:l i="200">t</l:l>
      <l:l i="210">U</l:l>
      <l:l i="210">u</l:l>
      <l:l i="220">V</l:l>
      <l:l i="220">v</l:l>
      <l:l i="230">W</l:l>
      <l:l i="230">w</l:l>
      <l:l i="240">X</l:l>
      <l:l i="240">x</l:l>
      <l:l i="250">Y</l:l>
      <l:l i="250">y</l:l>
      <l:l i="260">Z</l:l>
      <l:l i="260">z</l:l>
      <l:l i="270">&#1040;</l:l>
      <l:l i="270">&#1072;</l:l>
      <l:l i="280">&#1041;</l:l>
      <l:l i="280">&#1073;</l:l>
      <l:l i="290">&#1042;</l:l>
      <l:l i="290">&#1074;</l:l>
      <l:l i="300">&#1043;</l:l>
      <l:l i="300">&#1075;</l:l>
      <l:l i="310">&#1044;</l:l>
      <l:l i="310">&#1076;</l:l>
      <l:l i="320">&#1045;</l:l>
      <l:l i="320">&#1077;</l:l>
      <l:l i="320">&#1025;</l:l>
      <l:l i="320">&#1105;</l:l>
      <l:l i="330">&#1046;</l:l>
      <l:l i="330">&#1078;</l:l>
      <l:l i="340">&#1047;</l:l>
      <l:l i="340">&#1079;</l:l>
      <l:l i="350">&#1048;</l:l>
      <l:l i="350">&#1080;</l:l>
      <l:l i="360">&#1049;</l:l>
      <l:l i="360">&#1081;</l:l>
      <l:l i="370">&#1050;</l:l>
      <l:l i="370">&#1082;</l:l>
      <l:l i="380">&#1051;</l:l>
      <l:l i="380">&#1083;</l:l>
      <l:l i="390">&#1052;</l:l>
      <l:l i="390">&#1084;</l:l>
      <l:l i="400">&#1053;</l:l>
      <l:l i="400">&#1085;</l:l>
      <l:l i="410">&#1054;</l:l>
      <l:l i="410">&#1086;</l:l>
      <l:l i="420">&#1055;</l:l>
      <l:l i="420">&#1087;</l:l>
      <l:l i="430">&#1056;</l:l>
      <l:l i="430">&#1088;</l:l>
      <l:l i="440">&#1057;</l:l>
      <l:l i="440">&#1089;</l:l>
      <l:l i="450">&#1058;</l:l>
      <l:l i="450">&#1090;</l:l>
      <l:l i="460">&#1059;</l:l>
      <l:l i="460">&#1091;</l:l>
      <l:l i="470">&#1060;</l:l>
      <l:l i="470">&#1092;</l:l>
      <l:l i="480">&#1061;</l:l>
      <l:l i="480">&#1093;</l:l>
      <l:l i="490">&#1062;</l:l>
      <l:l i="490">&#1094;</l:l>
      <l:l i="500">&#1063;</l:l>
      <l:l i="500">&#1095;</l:l>
      <l:l i="510">&#1064;</l:l>
      <l:l i="510">&#1096;</l:l>
      <l:l i="520">&#1065;</l:l>
      <l:l i="520">&#1097;</l:l>
      <l:l i="530">&#1066;</l:l>
      <l:l i="530">&#1098;</l:l>
      <l:l i="540">&#1067;</l:l>
      <l:l i="540">&#1099;</l:l>
      <l:l i="550">&#1068;</l:l>
      <l:l i="550">&#1100;</l:l>
      <l:l i="560">&#1069;</l:l>
      <l:l i="560">&#1101;</l:l>
      <l:l i="570">&#1070;</l:l>
      <l:l i="570">&#1102;</l:l>
      <l:l i="580">&#1071;</l:l>
      <l:l i="580">&#1103;</l:l>
   </l:letters>
</l:l10n>
