<?xml version="1.0"?>
<api>
  <namespace name="GLib" library="libglib-2.0-0.dll">
    <enum name="ConnectFlags" cname="GConnectFlags" type="flags" />
    <enum name="SpawnError" cname="GSpawnError" type="enum" />
    <enum name="SpawnFlags" cname="GSpawnFlags" type="flags" />
    <callback name="GSourceFunc" cname="GSourceFunc">
      <return-type type="gboolean" />
      <parameters>
        <parameter type="gpointer" name="data" />
      </parameters>
    </callback>
    <callback name="SpawnChildSetupFunc" cname="GSpawnChildSetupFunc">
      <return-type type="void" />
      <parameters>
        <parameter type="gpointer" name="data" />
      </parameters>
    </callback>
  </namespace>
</api>
